instruction,e8mf8,e8mf4,e8mf2,e8m1,e8m2,e8m4,e8m8,e16mf8,e16mf4,e16mf2,e16m1,e16m2,e16m4,e16m8,e32mf8,e32mf4,e32mf2,e32m1,e32m2,e32m4,e32m8,e64mf8,e64mf4,e64mf2,e64m1,e64m2,e64m4,e64m8,
vadd.vv,1.00,1.00,1.00,1.00,2.00,4.00,8.00,,1.00,1.00,1.00,2.00,4.00,8.00,,,1.00,1.00,2.00,4.00,8.00,,,,1.00,2.00,4.00,8.00,
vadd.vx,1.00,1.00,1.00,1.00,2.00,4.00,8.00,,1.00,1.00,1.00,2.00,4.00,8.00,,,1.00,1.00,2.00,4.00,8.00,,,,1.00,2.00,4.00,8.00,
vadd.vi,1.00,1.00,1.00,1.00,2.00,4.00,8.00,,1.00,1.00,1.00,2.00,4.00,8.00,,,1.00,1.00,2.00,4.00,8.00,,,,1.00,2.00,4.00,8.00,
vsub.vv,1.00,1.00,1.00,1.00,2.00,4.00,8.00,,1.00,1.00,1.00,2.00,4.00,8.00,,,1.00,1.00,2.00,4.00,8.00,,,,1.00,2.00,4.00,8.00,
vsub.vx,1.00,1.00,1.00,1.00,2.00,4.00,8.00,,1.00,1.00,1.00,2.00,4.00,8.00,,,1.00,1.00,2.00,4.00,8.00,,,,1.00,2.00,4.00,8.00,
vrsub.vx,1.00,1.00,1.00,1.00,2.00,4.00,8.00,,1.00,1.00,1.00,2.00,4.00,8.00,,,1.00,1.00,2.00,4.00,8.00,,,,1.00,2.00,4.00,8.00,
vrsub.vi,1.00,1.00,1.00,1.00,2.00,4.00,8.00,,1.00,1.00,1.00,2.00,4.00,8.00,,,1.00,1.00,2.00,4.00,8.00,,,,1.00,2.00,4.00,8.00,
vminu.vv,1.00,1.00,1.00,1.00,2.00,4.00,8.00,,1.00,1.00,1.00,2.00,4.00,8.00,,,1.00,1.00,2.00,4.00,8.00,,,,1.00,2.00,4.00,8.00,
vminu.vx,1.00,1.00,1.00,1.00,2.00,4.00,8.00,,1.00,1.00,1.00,2.00,4.00,8.00,,,1.00,1.00,2.00,4.00,8.00,,,,1.00,2.00,4.00,8.00,
vmin.vv,1.00,1.00,1.00,1.00,2.00,4.00,8.00,,1.00,1.00,1.00,2.00,4.00,8.00,,,1.00,1.00,2.00,4.00,8.00,,,,1.00,2.00,4.00,8.00,
vmin.vx,1.00,1.00,1.00,1.00,2.00,4.00,8.00,,1.00,1.00,1.00,2.00,4.00,8.00,,,1.00,1.00,2.00,4.00,8.00,,,,1.00,2.00,4.00,8.00,
vmaxu.vv,1.00,1.00,1.00,1.00,2.00,4.00,8.00,,1.00,1.00,1.00,2.00,4.00,8.00,,,1.00,1.00,2.00,4.00,8.00,,,,1.00,2.00,4.00,8.00,
vmaxu.vx,1.00,1.00,1.00,1.00,2.00,4.00,8.00,,1.00,1.00,1.00,2.00,4.00,8.00,,,1.00,1.00,2.00,4.00,8.00,,,,1.00,2.00,4.00,8.00,
vmax.vv,1.00,1.00,1.00,1.00,2.00,4.00,8.00,,1.00,1.00,1.00,2.00,4.00,8.00,,,1.00,1.00,2.00,4.00,8.00,,,,1.00,2.00,4.00,8.00,
vmax.vx,1.00,1.00,1.00,1.00,2.00,4.00,8.00,,1.00,1.00,1.00,2.00,4.00,8.00,,,1.00,1.00,2.00,4.00,8.00,,,,1.00,2.00,4.00,8.00,
vand.vv,1.00,1.00,1.00,2.00,4.00,8.00,16.00,,1.00,1.00,2.00,4.00,8.00,16.00,,,1.00,2.00,4.00,8.00,16.00,,,,2.00,4.00,8.00,16.00,
vand.vx,1.00,1.00,1.00,2.00,4.00,8.00,16.00,,1.00,1.00,2.00,4.00,8.00,16.00,,,1.00,2.00,4.00,8.00,16.00,,,,2.00,4.00,8.00,16.00,
vand.vi,1.00,1.00,1.00,2.00,4.00,8.00,16.00,,1.00,1.00,2.00,4.00,8.00,16.00,,,1.00,2.00,4.00,8.00,16.00,,,,2.00,4.00,8.00,16.00,
vor.vv,1.00,1.00,1.00,2.00,4.00,8.00,16.00,,1.00,1.00,2.00,4.00,8.00,16.00,,,1.00,2.00,4.00,8.00,16.00,,,,2.00,4.00,8.00,16.00,
vor.vx,1.00,1.00,1.00,2.00,4.00,8.00,16.00,,1.00,1.00,2.00,4.00,8.00,16.00,,,1.00,2.00,4.00,8.00,16.00,,,,2.00,4.00,8.00,16.00,
vor.vi,1.00,1.00,1.00,2.00,4.00,8.00,16.00,,1.00,1.00,2.00,4.00,8.00,16.00,,,1.00,2.00,4.00,8.00,16.00,,,,2.00,4.00,8.00,16.00,
vxor.vv,1.00,1.00,1.00,2.00,4.00,8.00,16.00,,1.00,1.00,2.00,4.00,8.00,16.00,,,1.00,2.00,4.00,8.00,16.00,,,,2.00,4.00,8.00,16.00,
vxor.vx,1.00,1.00,1.00,2.00,4.00,8.00,16.00,,1.00,1.00,2.00,4.00,8.00,16.00,,,1.00,2.00,4.00,8.00,16.00,,,,2.00,4.00,8.00,16.00,
vxor.vi,1.00,1.00,1.00,2.00,4.00,8.00,16.00,,1.00,1.00,2.00,4.00,8.00,16.00,,,1.00,2.00,4.00,8.00,16.00,,,,2.00,4.00,8.00,16.00,
vnot.v,1.00,1.00,1.00,2.00,4.00,8.00,16.00,,1.00,1.00,2.00,4.00,8.00,16.00,,,1.00,2.00,4.00,8.00,16.00,,,,2.00,4.00,8.00,16.00,
vrgather.vv,1.00,1.00,1.00,4.00,16.00,64.04,256.33,,1.00,1.00,4.00,16.00,64.03,256.33,,,1.00,4.00,16.00,64.04,256.33,,,,4.00,16.00,64.06,256.31,
vrgather.vx,1.00,1.00,1.00,2.00,4.00,8.00,16.00,,1.00,1.00,2.00,4.00,8.00,16.00,,,1.00,2.00,4.00,8.00,16.00,,,,2.00,4.00,8.00,16.00,
vrgather.vi,1.00,1.00,1.00,2.00,4.00,8.00,16.00,,1.00,1.00,2.00,4.00,8.00,16.00,,,1.00,2.00,4.00,8.00,16.00,,,,2.00,4.00,8.00,16.00,
vslideup.vx,1.00,1.00,1.00,2.00,4.00,8.00,16.00,,1.00,1.00,2.00,4.00,8.00,16.00,,,1.00,2.00,4.00,8.00,16.00,,,,2.00,4.00,8.00,16.00,
vslideup.vi,1.00,1.00,1.00,2.00,4.00,8.00,16.00,,1.00,1.00,2.00,4.00,8.00,16.00,,,1.00,2.00,4.00,8.00,16.00,,,,2.00,4.00,8.00,16.00,
vrgatherei16.vv,1.00,1.00,2.00,8.00,32.00,128.17,,,1.00,1.00,4.00,16.00,64.03,256.30,,,1.00,4.00,16.00,64.04,256.30,,,,4.00,16.00,64.04,256.35,
vslidedown.vx,1.00,1.00,1.00,3.00,5.00,9.00,17.00,,1.00,1.00,3.00,5.00,9.00,17.00,,,1.00,3.00,5.00,9.00,17.00,,,,3.00,5.00,9.00,17.00,
vslidedown.vi,1.00,1.00,1.00,3.00,5.00,9.00,17.00,,1.00,1.00,3.00,5.00,9.00,17.00,,,1.00,3.00,5.00,9.00,17.00,,,,3.00,5.00,9.00,17.00,
vredsum.vs,1.00,1.00,2.00,2.00,4.00,9.50,35.00,,1.00,2.00,2.00,4.00,9.50,35.00,,,2.00,2.00,4.00,9.50,35.00,,,,2.00,4.00,9.50,35.00,
vredand.vs,1.00,1.00,2.00,2.00,4.00,9.00,34.00,,1.00,2.00,2.00,4.00,9.00,34.00,,,2.00,2.00,4.00,9.00,34.00,,,,2.00,4.00,9.00,34.00,
vredor.vs,1.00,1.00,2.00,2.00,4.00,9.00,34.00,,1.00,2.00,2.00,4.00,9.00,34.00,,,2.00,2.00,4.00,9.00,34.00,,,,2.00,4.00,9.00,34.00,
vredxor.vs,1.00,1.00,2.00,2.00,4.00,9.00,34.00,,1.00,2.00,2.00,4.00,9.00,34.00,,,2.00,2.00,4.00,9.00,34.00,,,,2.00,4.00,9.00,34.00,
vredminu.vs,1.00,1.00,2.00,2.00,4.00,9.50,35.00,,1.00,2.00,2.00,4.00,9.50,35.01,,,2.00,2.00,4.00,9.50,35.00,,,,2.00,4.00,9.50,35.00,
vredmin.vs,1.00,1.00,2.00,2.00,4.00,9.50,35.02,,1.00,2.00,2.00,4.00,9.50,35.00,,,2.00,2.00,4.00,9.50,35.01,,,,2.00,4.00,9.50,35.01,
vredmaxu.vs,1.00,1.00,2.00,2.00,4.00,9.50,35.01,,1.00,2.00,2.00,4.00,9.50,35.00,,,2.00,2.00,4.00,9.50,35.01,,,,2.00,4.00,9.50,35.01,
vredmax.vs,1.00,1.00,2.00,2.00,4.00,9.50,35.00,,1.00,2.00,2.00,4.00,9.50,35.00,,,2.00,2.00,4.00,9.50,35.00,,,,2.00,4.00,9.50,35.00,
vaaddu.vv,1.00,1.00,1.00,1.00,2.00,4.00,8.00,,1.00,1.00,1.00,2.00,4.00,8.00,,,1.00,1.00,2.00,4.00,8.00,,,,1.00,2.00,4.00,8.00,
vaaddu.vx,1.00,1.00,1.00,1.00,2.00,4.00,8.00,,1.00,1.00,1.00,2.00,4.00,8.00,,,1.00,1.00,2.00,4.00,8.00,,,,1.00,2.00,4.00,8.00,
vaadd.vv,1.00,1.00,1.00,1.00,2.00,4.00,8.00,,1.00,1.00,1.00,2.00,4.00,8.00,,,1.00,1.00,2.00,4.00,8.00,,,,1.00,2.00,4.00,8.00,
vaadd.vx,1.00,1.00,1.00,1.00,2.00,4.00,8.00,,1.00,1.00,1.00,2.00,4.00,8.00,,,1.00,1.00,2.00,4.00,8.00,,,,1.00,2.00,4.00,8.00,
vasubu.vv,1.00,1.00,1.00,1.00,2.00,4.00,8.00,,1.00,1.00,1.00,2.00,4.00,8.00,,,1.00,1.00,2.00,4.00,8.00,,,,1.00,2.00,4.00,8.00,
vasubu.vx,1.00,1.00,1.00,1.00,2.00,4.00,8.00,,1.00,1.00,1.00,2.00,4.00,8.00,,,1.00,1.00,2.00,4.00,8.00,,,,1.00,2.00,4.00,8.00,
vasub.vv,1.00,1.00,1.00,1.00,2.00,4.00,8.00,,1.00,1.00,1.00,2.00,4.00,8.00,,,1.00,1.00,2.00,4.00,8.00,,,,1.00,2.00,4.00,8.00,
vasub.vx,1.00,1.00,1.00,1.00,2.00,4.00,8.00,,1.00,1.00,1.00,2.00,4.00,8.00,,,1.00,1.00,2.00,4.00,8.00,,,,1.00,2.00,4.00,8.00,
vslide1up.vx,1.00,1.00,1.00,2.00,4.00,8.00,16.00,,1.00,1.00,2.00,4.00,8.00,16.00,,,1.00,2.00,4.00,8.00,16.00,,,,2.00,4.00,8.00,16.00,
vslide1down.vx,1.00,1.00,1.00,3.00,5.00,9.00,17.00,,1.00,1.00,3.00,5.00,9.00,17.00,,,1.00,3.00,5.00,9.00,17.00,,,,3.00,5.00,9.00,17.00,
vadc.vvm,1.00,1.00,1.00,2.00,4.00,8.00,9.00,,1.00,1.00,2.00,4.00,8.00,16.00,,,1.00,2.00,4.00,8.00,16.00,,,,2.00,4.00,8.00,16.00,
vadc.vxm,1.00,1.00,1.00,2.00,4.00,8.00,9.00,,1.00,1.00,2.00,4.00,8.00,16.00,,,1.00,2.00,4.00,8.00,16.00,,,,2.00,4.00,8.00,16.00,
vadc.vim,1.00,1.00,1.00,2.00,4.00,8.00,9.00,,1.00,1.00,2.00,4.00,8.00,16.00,,,1.00,2.00,4.00,8.00,16.00,,,,2.00,4.00,8.00,16.00,
vmadc.vvm,1.00,1.00,1.00,2.00,4.00,8.00,11.00,,1.00,1.00,2.00,4.00,8.00,18.00,,,1.00,2.00,4.00,8.00,18.00,,,,2.00,4.00,8.00,18.00,
vmadc.vxm,1.00,1.00,1.00,2.00,4.00,8.00,11.00,,1.00,1.00,2.00,4.00,8.00,18.00,,,1.00,2.00,4.00,8.00,18.00,,,,2.00,4.00,8.00,18.00,
vmadc.vim,1.00,1.00,1.00,2.00,4.00,8.00,11.00,,1.00,1.00,2.00,4.00,8.00,18.00,,,1.00,2.00,4.00,8.00,18.00,,,,2.00,4.00,8.00,18.00,
vmadc.vv,1.00,1.00,1.00,2.00,4.00,8.00,11.00,,1.00,1.00,2.00,4.00,8.00,18.00,,,1.00,2.00,4.00,8.00,18.00,,,,2.00,4.00,8.00,18.00,
vmadc.vx,1.00,1.00,1.00,2.00,4.00,8.00,11.00,,1.00,1.00,2.00,4.00,8.00,18.00,,,1.00,2.00,4.00,8.00,18.00,,,,2.00,4.00,8.00,18.00,
vmadc.vi,1.00,1.00,1.00,2.00,4.00,8.00,11.00,,1.00,1.00,2.00,4.00,8.00,18.00,,,1.00,2.00,4.00,8.00,18.00,,,,2.00,4.00,8.00,18.00,
vsbc.vvm,1.00,1.00,1.00,2.00,4.00,8.00,9.00,,1.00,1.00,2.00,4.00,8.00,16.00,,,1.00,2.00,4.00,8.00,16.00,,,,2.00,4.00,8.00,16.00,
vsbc.vxm,1.00,1.00,1.00,2.00,4.00,8.00,9.00,,1.00,1.00,2.00,4.00,8.00,16.00,,,1.00,2.00,4.00,8.00,16.00,,,,2.00,4.00,8.00,16.00,
vmsbc.vvm,1.00,1.00,1.00,2.00,4.00,8.00,11.00,,1.00,1.00,2.00,4.00,8.00,18.00,,,1.00,2.00,4.00,8.00,18.00,,,,2.00,4.00,8.00,18.00,
vmsbc.vxm,1.00,1.00,1.00,2.00,4.00,8.00,11.00,,1.00,1.00,2.00,4.00,8.00,18.00,,,1.00,2.00,4.00,8.00,18.00,,,,2.00,4.00,8.00,18.00,
vmsbc.vv,1.00,1.00,1.00,2.00,4.00,8.00,11.00,,1.00,1.00,2.00,4.00,8.00,18.00,,,1.00,2.00,4.00,8.00,18.00,,,,2.00,4.00,8.00,18.00,
vmsbc.vx,1.00,1.00,1.00,2.00,4.00,8.00,11.00,,1.00,1.00,2.00,4.00,8.00,18.00,,,1.00,2.00,4.00,8.00,18.00,,,,2.00,4.00,8.00,18.00,
vmerge.vvm,1.00,1.00,1.00,2.00,4.00,8.00,16.00,,1.00,1.00,2.00,4.00,8.00,16.00,,,1.00,2.00,4.00,8.00,16.00,,,,2.00,4.00,8.00,16.00,
vmerge.vxm,1.00,1.00,1.00,2.00,4.00,8.00,16.00,,1.00,1.00,2.00,4.00,8.00,16.00,,,1.00,2.00,4.00,8.00,16.00,,,,2.00,4.00,8.00,16.00,
vmerge.vim,1.00,1.00,1.00,2.00,4.00,8.00,16.00,,1.00,1.00,2.00,4.00,8.00,16.00,,,1.00,2.00,4.00,8.00,16.00,,,,2.00,4.00,8.00,16.00,
vmv.v.v,1.00,1.00,1.00,2.00,4.00,8.00,16.00,,1.00,1.00,2.00,4.00,8.00,16.00,,,1.00,2.00,4.00,8.00,16.00,,,,2.00,4.00,8.00,16.00,
vmv.v.x,1.00,1.00,1.00,2.00,4.00,8.00,16.00,,1.00,1.00,2.00,4.00,8.00,16.00,,,1.00,2.00,4.00,8.00,16.00,,,,2.00,4.00,8.00,16.00,
vmv.v.i,1.00,1.00,1.00,2.00,4.00,8.00,16.00,,1.00,1.00,2.00,4.00,8.00,16.00,,,1.00,2.00,4.00,8.00,16.00,,,,2.00,4.00,8.00,16.00,
vmseq.vv,1.00,1.00,1.00,2.00,4.00,8.00,11.00,,1.00,1.00,2.00,4.00,8.00,18.00,,,1.00,2.00,4.00,8.00,18.00,,,,2.00,4.00,8.00,18.00,
vmseq.vx,1.00,1.00,1.00,2.00,4.00,8.00,11.00,,1.00,1.00,2.00,4.00,8.00,18.00,,,1.00,2.00,4.00,8.00,18.00,,,,2.00,4.00,8.00,18.00,
vmseq.vi,1.00,1.00,1.00,2.00,4.00,8.00,11.00,,1.00,1.00,2.00,4.00,8.00,18.00,,,1.00,2.00,4.00,8.00,18.00,,,,2.00,4.00,8.00,18.00,
vmsne.vv,1.00,1.00,1.00,2.00,4.00,8.00,11.00,,1.00,1.00,2.00,4.00,8.00,18.00,,,1.00,2.00,4.00,8.00,18.00,,,,2.00,4.00,8.00,18.00,
vmsne.vx,1.00,1.00,1.00,2.00,4.00,8.00,11.00,,1.00,1.00,2.00,4.00,8.00,18.00,,,1.00,2.00,4.00,8.00,18.00,,,,2.00,4.00,8.00,18.00,
vmsne.vi,1.00,1.00,1.00,2.00,4.00,8.00,11.00,,1.00,1.00,2.00,4.00,8.00,18.00,,,1.00,2.00,4.00,8.00,18.00,,,,2.00,4.00,8.00,18.00,
vmsltu.vv,1.00,1.00,1.00,2.00,4.00,8.00,11.00,,1.00,1.00,2.00,4.00,8.00,18.00,,,1.00,2.00,4.00,8.00,18.00,,,,2.00,4.00,8.00,18.00,
vmsltu.vx,1.00,1.00,1.00,2.00,4.00,8.00,11.00,,1.00,1.00,2.00,4.00,8.00,18.00,,,1.00,2.00,4.00,8.00,18.00,,,,2.00,4.00,8.00,18.00,
vmslt.vv,1.00,1.00,1.00,2.00,4.00,8.00,11.00,,1.00,1.00,2.00,4.00,8.00,18.00,,,1.00,2.00,4.00,8.00,18.00,,,,2.00,4.00,8.00,18.00,
vmslt.vx,1.00,1.00,1.00,2.00,4.00,8.00,11.00,,1.00,1.00,2.00,4.00,8.00,18.00,,,1.00,2.00,4.00,8.00,18.00,,,,2.00,4.00,8.00,18.00,
vmsleu.vv,1.00,1.00,1.00,2.00,4.00,8.00,11.00,,1.00,1.00,2.00,4.00,8.00,18.00,,,1.00,2.00,4.00,8.00,18.00,,,,2.00,4.00,8.00,18.00,
vmsleu.vx,1.00,1.00,1.00,2.00,4.00,8.00,11.00,,1.00,1.00,2.00,4.00,8.00,18.00,,,1.00,2.00,4.00,8.00,18.00,,,,2.00,4.00,8.00,18.00,
vmsleu.vi,1.00,1.00,1.00,2.00,4.00,8.00,11.00,,1.00,1.00,2.00,4.00,8.00,18.00,,,1.00,2.00,4.00,8.00,18.00,,,,2.00,4.00,8.00,18.00,
vmsle.vv,1.00,1.00,1.00,2.00,4.00,8.00,11.00,,1.00,1.00,2.00,4.00,8.00,18.00,,,1.00,2.00,4.00,8.00,18.00,,,,2.00,4.00,8.00,18.00,
vmsle.vx,1.00,1.00,1.00,2.00,4.00,8.00,11.00,,1.00,1.00,2.00,4.00,8.00,18.00,,,1.00,2.00,4.00,8.00,18.00,,,,2.00,4.00,8.00,18.00,
vmsle.vi,1.00,1.00,1.00,2.00,4.00,8.00,11.00,,1.00,1.00,2.00,4.00,8.00,18.00,,,1.00,2.00,4.00,8.00,18.00,,,,2.00,4.00,8.00,18.00,
vmsgtu.vx,1.00,1.00,1.00,2.00,4.00,8.00,11.00,,1.00,1.00,2.00,4.00,8.00,18.00,,,1.00,2.00,4.00,8.00,18.00,,,,2.00,4.00,8.00,18.00,
vmsgtu.vi,1.00,1.00,1.00,2.00,4.00,8.00,11.00,,1.00,1.00,2.00,4.00,8.00,18.00,,,1.00,2.00,4.00,8.00,18.00,,,,2.00,4.00,8.00,18.00,
vmsgt.vx,1.00,1.00,1.00,2.00,4.00,8.00,11.00,,1.00,1.00,2.00,4.00,8.00,18.00,,,1.00,2.00,4.00,8.00,18.00,,,,2.00,4.00,8.00,18.00,
vmsgt.vi,1.00,1.00,1.00,2.00,4.00,8.00,11.00,,1.00,1.00,2.00,4.00,8.00,18.00,,,1.00,2.00,4.00,8.00,18.00,,,,2.00,4.00,8.00,18.00,
vcompress.vm,1.00,1.00,1.00,3.00,10.00,36.00,136.19,,1.00,1.00,3.00,10.00,36.00,136.19,,,1.00,3.00,10.00,36.00,136.18,,,,3.00,10.00,36.00,136.20,
vmandn.mm,1.00,1.00,1.00,1.00,1.00,1.00,2.00,,1.00,1.00,1.00,1.00,1.00,1.00,,,1.00,1.00,1.00,1.00,1.00,,,,1.00,1.00,1.00,1.00,
vmand.mm,1.00,1.00,1.00,1.00,1.00,1.00,2.00,,1.00,1.00,1.00,1.00,1.00,1.00,,,1.00,1.00,1.00,1.00,1.00,,,,1.00,1.00,1.00,1.00,
vmor.mm,1.00,1.00,1.00,1.00,1.00,1.00,2.00,,1.00,1.00,1.00,1.00,1.00,1.00,,,1.00,1.00,1.00,1.00,1.00,,,,1.00,1.00,1.00,1.00,
vmxor.mm,1.00,1.00,1.00,1.00,1.00,1.00,2.00,,1.00,1.00,1.00,1.00,1.00,1.00,,,1.00,1.00,1.00,1.00,1.00,,,,1.00,1.00,1.00,1.00,
vmorn.mm,1.00,1.00,1.00,1.00,1.00,1.00,2.00,,1.00,1.00,1.00,1.00,1.00,1.00,,,1.00,1.00,1.00,1.00,1.00,,,,1.00,1.00,1.00,1.00,
vmnand.mm,1.00,1.00,1.00,1.00,1.00,1.00,2.00,,1.00,1.00,1.00,1.00,1.00,1.00,,,1.00,1.00,1.00,1.00,1.00,,,,1.00,1.00,1.00,1.00,
vmnor.mm,1.00,1.00,1.00,1.00,1.00,1.00,2.00,,1.00,1.00,1.00,1.00,1.00,1.00,,,1.00,1.00,1.00,1.00,1.00,,,,1.00,1.00,1.00,1.00,
vmxnor.mm,1.00,1.00,1.00,1.00,1.00,1.00,2.00,,1.00,1.00,1.00,1.00,1.00,1.00,,,1.00,1.00,1.00,1.00,1.00,,,,1.00,1.00,1.00,1.00,
vsaddu.vv,1.00,1.00,1.00,1.00,2.00,4.00,8.00,,1.00,1.00,1.00,2.00,4.00,8.00,,,1.00,1.00,2.00,4.00,8.00,,,,1.00,2.00,4.00,8.00,
vsaddu.vx,1.00,1.00,1.00,1.00,2.00,4.00,8.00,,1.00,1.00,1.00,2.00,4.00,8.00,,,1.00,1.00,2.00,4.00,8.00,,,,1.00,2.00,4.00,8.00,
vsaddu.vi,1.00,1.00,1.00,1.00,2.00,4.00,8.00,,1.00,1.00,1.00,2.00,4.00,8.00,,,1.00,1.00,2.00,4.00,8.00,,,,1.00,2.00,4.00,8.00,
vsadd.vv,1.00,1.00,1.00,1.00,2.00,4.00,8.00,,1.00,1.00,1.00,2.00,4.00,8.00,,,1.00,1.00,2.00,4.00,8.00,,,,1.00,2.00,4.00,8.00,
vsadd.vx,1.00,1.00,1.00,1.00,2.00,4.00,8.00,,1.00,1.00,1.00,2.00,4.00,8.00,,,1.00,1.00,2.00,4.00,8.00,,,,1.00,2.00,4.00,8.00,
vsadd.vi,1.00,1.00,1.00,1.00,2.00,4.00,8.00,,1.00,1.00,1.00,2.00,4.00,8.00,,,1.00,1.00,2.00,4.00,8.00,,,,1.00,2.00,4.00,8.00,
vssubu.vv,1.00,1.00,1.00,1.00,2.00,4.00,8.00,,1.00,1.00,1.00,2.00,4.00,8.00,,,1.00,1.00,2.00,4.00,8.00,,,,1.00,2.00,4.00,8.00,
vssubu.vx,1.00,1.00,1.00,1.00,2.00,4.00,8.00,,1.00,1.00,1.00,2.00,4.00,8.00,,,1.00,1.00,2.00,4.00,8.00,,,,1.00,2.00,4.00,8.00,
vssub.vv,1.00,1.00,1.00,1.00,2.00,4.00,8.00,,1.00,1.00,1.00,2.00,4.00,8.00,,,1.00,1.00,2.00,4.00,8.00,,,,1.00,2.00,4.00,8.00,
vssub.vx,1.00,1.00,1.00,1.00,2.00,4.00,8.00,,1.00,1.00,1.00,2.00,4.00,8.00,,,1.00,1.00,2.00,4.00,8.00,,,,1.00,2.00,4.00,8.00,
vsll.vv,1.00,1.00,1.00,2.00,4.00,8.00,16.00,,1.00,1.00,2.00,4.00,8.00,16.00,,,1.00,2.00,4.00,8.00,16.00,,,,2.00,4.00,8.00,16.00,
vsll.vx,1.00,1.00,1.00,2.00,4.00,8.00,16.00,,1.00,1.00,2.00,4.00,8.00,16.00,,,1.00,2.00,4.00,8.00,16.00,,,,2.00,4.00,8.00,16.00,
vsll.vi,1.00,1.00,1.00,2.00,4.00,8.00,16.00,,1.00,1.00,2.00,4.00,8.00,16.00,,,1.00,2.00,4.00,8.00,16.00,,,,2.00,4.00,8.00,16.00,
vsmul.vv,1.00,1.00,1.00,1.00,2.00,4.00,8.00,,1.00,1.00,1.00,2.00,4.00,8.00,,,1.00,1.00,2.00,4.00,8.00,,,,4.00,8.00,16.00,32.00,
vsmul.vx,1.00,1.00,1.00,1.00,2.00,4.00,8.00,,1.00,1.00,1.00,2.00,4.00,8.00,,,1.00,1.00,2.00,4.00,8.00,,,,4.00,8.00,16.00,32.00,
vmv1r.v,2.00,2.00,2.00,2.00,2.00,2.00,4.00,,2.00,2.00,2.00,2.00,2.00,4.00,,,2.00,2.00,2.00,2.00,4.00,,,,2.00,2.00,2.00,4.00,
vmv2r.v,4.00,4.00,4.00,,4.00,4.00,4.00,,,4.00,4.00,4.00,,,,4.00,4.00,4.00,
vmv4r.v,8.00,8.00,,8.00,8.00,,,8.00,8.00,,,,8.00,8.00,
vmv8r.v,16.00,,16.00,,,16.00,,,,16.00,
vsrl.vv,1.00,1.00,1.00,2.00,4.00,8.00,16.00,,1.00,1.00,2.00,4.00,8.00,16.00,,,1.00,2.00,4.00,8.00,16.00,,,,2.00,4.00,8.00,16.00,
vsrl.vx,1.00,1.00,1.00,2.00,4.00,8.00,16.00,,1.00,1.00,2.00,4.00,8.00,16.00,,,1.00,2.00,4.00,8.00,16.00,,,,2.00,4.00,8.00,16.00,
vsrl.vi,1.00,1.00,1.00,2.00,4.00,8.00,16.00,,1.00,1.00,2.00,4.00,8.00,16.00,,,1.00,2.00,4.00,8.00,16.00,,,,2.00,4.00,8.00,16.00,
vsra.vv,1.00,1.00,1.00,2.00,4.00,8.00,16.00,,1.00,1.00,2.00,4.00,8.00,16.00,,,1.00,2.00,4.00,8.00,16.00,,,,2.00,4.00,8.00,16.00,
vsra.vx,1.00,1.00,1.00,2.00,4.00,8.00,16.00,,1.00,1.00,2.00,4.00,8.00,16.00,,,1.00,2.00,4.00,8.00,16.00,,,,2.00,4.00,8.00,16.00,
vsra.vi,1.00,1.00,1.00,2.00,4.00,8.00,16.00,,1.00,1.00,2.00,4.00,8.00,16.00,,,1.00,2.00,4.00,8.00,16.00,,,,2.00,4.00,8.00,16.00,
vssrl.vv,1.00,1.00,1.00,2.00,4.00,8.00,16.00,,1.00,1.00,2.00,4.00,8.00,16.00,,,1.00,2.00,4.00,8.00,16.00,,,,2.00,4.00,8.00,16.00,
vssrl.vx,1.00,1.00,1.00,2.00,4.00,8.00,16.00,,1.00,1.00,2.00,4.00,8.00,16.00,,,1.00,2.00,4.00,8.00,16.00,,,,2.00,4.00,8.00,16.00,
vssrl.vi,1.00,1.00,1.00,2.00,4.00,8.00,16.00,,1.00,1.00,2.00,4.00,8.00,16.00,,,1.00,2.00,4.00,8.00,16.00,,,,2.00,4.00,8.00,16.00,
vssra.vv,1.00,1.00,1.00,2.00,4.00,8.00,16.00,,1.00,1.00,2.00,4.00,8.00,16.00,,,1.00,2.00,4.00,8.00,16.00,,,,2.00,4.00,8.00,16.00,
vssra.vx,1.00,1.00,1.00,2.00,4.00,8.00,16.00,,1.00,1.00,2.00,4.00,8.00,16.00,,,1.00,2.00,4.00,8.00,16.00,,,,2.00,4.00,8.00,16.00,
vssra.vi,1.00,1.00,1.00,2.00,4.00,8.00,16.00,,1.00,1.00,2.00,4.00,8.00,16.00,,,1.00,2.00,4.00,8.00,16.00,,,,2.00,4.00,8.00,16.00,
vdivu.vv,11.65,12.63,13.32,26.69,52.67,106.57,212.61,,11.10,11.69,23.54,47.14,93.86,188.24,,,11.15,22.41,44.20,88.20,176.61,,,,20.56,41.20,82.53,165.09,
vdivu.vx,10.20,10.27,10.28,20.57,40.91,82.11,163.52,,10.21,10.20,20.59,41.17,82.68,164.25,,,10.44,20.90,41.83,82.73,162.34,,,,20.00,40.01,80.10,160.19,
vdiv.vv,12.26,13.07,13.71,27.34,55.44,109.81,220.25,,12.07,12.51,25.07,50.28,100.36,199.93,,,11.80,23.80,47.58,95.04,189.05,,,,22.38,44.69,89.58,178.91,
vdiv.vx,11.30,11.31,11.35,22.66,45.23,91.32,177.65,,11.26,11.36,22.62,45.35,89.29,177.87,,,11.46,22.90,45.53,91.83,178.06,,,,22.00,44.01,88.08,176.22,
vremu.vv,12.70,13.59,14.24,28.69,57.42,114.02,227.24,,12.34,12.71,25.53,51.30,101.88,203.50,,,12.00,24.16,48.33,96.60,192.63,,,,22.59,45.23,90.24,180.77,
vremu.vx,11.25,11.22,11.31,22.61,44.85,90.51,181.05,,11.25,11.19,22.50,45.33,90.05,176.32,,,11.50,22.86,45.56,91.66,180.63,,,,22.00,44.01,88.10,176.22,
vrem.vv,13.37,14.06,14.75,29.55,58.86,117.83,235.39,,13.12,13.54,27.01,53.81,108.17,216.04,,,12.94,25.71,51.84,102.73,204.63,,,,24.36,48.65,97.25,195.39,
vrem.vx,12.26,12.30,12.36,24.63,49.30,98.69,192.60,,12.24,12.36,24.65,49.48,98.32,193.07,,,12.47,24.79,49.84,99.35,196.10,,,,24.00,48.03,96.10,192.25,
vmulhu.vv,1.00,1.00,1.00,1.00,2.00,4.00,8.00,,1.00,1.00,1.00,2.00,4.00,8.00,,,1.00,1.00,2.00,4.00,8.00,,,,4.00,8.00,16.00,32.00,
vmulhu.vx,1.00,1.00,1.00,1.00,2.00,4.00,8.00,,1.00,1.00,1.00,2.00,4.00,8.00,,,1.00,1.00,2.00,4.00,8.00,,,,4.00,8.00,16.00,32.00,
vmul.vv,1.00,1.00,1.00,1.00,2.00,4.00,8.00,,1.00,1.00,1.00,2.00,4.00,8.00,,,1.00,1.00,2.00,4.00,8.00,,,,4.00,8.00,16.00,32.00,
vmul.vx,1.00,1.00,1.00,1.00,2.00,4.00,8.00,,1.00,1.00,1.00,2.00,4.00,8.00,,,1.00,1.00,2.00,4.00,8.00,,,,4.00,8.00,16.00,32.00,
vmulhsu.vv,1.00,1.00,1.00,1.00,2.00,4.00,8.00,,1.00,1.00,1.00,2.00,4.00,8.00,,,1.00,1.00,2.00,4.00,8.00,,,,4.00,8.00,16.00,32.00,
vmulhsu.vx,1.00,1.00,1.00,1.00,2.00,4.00,8.00,,1.00,1.00,1.00,2.00,4.00,8.00,,,1.00,1.00,2.00,4.00,8.00,,,,4.00,8.00,16.00,32.00,
vmulh.vv,1.00,1.00,1.00,1.00,2.00,4.00,8.00,,1.00,1.00,1.00,2.00,4.00,8.00,,,1.00,1.00,2.00,4.00,8.00,,,,4.00,8.00,16.00,32.00,
vmulh.vx,1.00,1.00,1.00,1.00,2.00,4.00,8.00,,1.00,1.00,1.00,2.00,4.00,8.00,,,1.00,1.00,2.00,4.00,8.00,,,,4.00,8.00,16.00,32.00,
vmadd.vv,1.00,1.00,1.00,1.00,2.00,4.00,8.00,,1.00,1.00,1.00,2.00,4.00,8.00,,,1.00,1.00,2.00,4.00,8.00,,,,4.00,8.00,16.00,32.01,
vmadd.vx,1.00,1.00,1.00,1.00,2.00,4.00,8.00,,1.00,1.00,1.00,2.00,4.00,8.00,,,1.00,1.00,2.00,4.00,8.00,,,,4.00,8.00,16.00,32.00,
vmacc.vv,1.00,1.00,1.00,1.00,2.00,4.00,8.00,,1.00,1.00,1.00,2.00,4.00,8.00,,,1.00,1.00,2.00,4.00,8.00,,,,4.00,8.00,16.00,32.00,
vmacc.vx,1.00,1.00,1.00,1.00,2.00,4.00,8.00,,1.00,1.00,1.00,2.00,4.00,8.00,,,1.00,1.00,2.00,4.00,8.00,,,,4.00,8.00,16.00,32.00,
vnsrl.wv,1.00,1.00,2.00,4.00,8.00,16.00,,,1.00,2.00,4.00,8.00,16.00,,,,2.00,4.00,8.00,16.00,,,,,,,,,
vnsrl.wx,1.00,1.00,2.00,4.00,8.00,16.00,,,1.00,2.00,4.00,8.00,16.00,,,,2.00,4.00,8.00,16.00,,,,,,,,,
vnsrl.wi,1.00,1.00,2.00,4.00,8.00,16.00,,,1.00,2.00,4.00,8.00,16.00,,,,2.00,4.00,8.00,16.00,,,,,,,,,
vnsra.wv,1.00,1.00,2.00,4.00,8.00,16.00,,,1.00,2.00,4.00,8.00,16.00,,,,2.00,4.00,8.00,16.00,,,,,,,,,
vnsra.wx,1.00,1.00,2.00,4.00,8.00,16.00,,,1.00,2.00,4.00,8.00,16.00,,,,2.00,4.00,8.00,16.00,,,,,,,,,
vnsra.wi,1.00,1.00,2.00,4.00,8.00,16.00,,,1.00,2.00,4.00,8.00,16.00,,,,2.00,4.00,8.00,16.00,,,,,,,,,
vnclipu.wv,1.00,1.00,2.00,4.00,8.00,16.00,,,1.00,2.00,4.00,8.00,16.00,,,,2.00,4.00,8.00,16.00,,,,,,,,,
vnclipu.wx,1.00,1.00,2.00,4.00,8.00,16.00,,,1.00,2.00,4.00,8.00,16.00,,,,2.00,4.00,8.00,16.00,,,,,,,,,
vnclipu.wi,1.00,1.00,2.00,4.00,8.00,16.00,,,1.00,2.00,4.00,8.00,16.00,,,,2.00,4.00,8.00,16.00,,,,,,,,,
vnclip.wv,1.00,1.00,2.00,4.00,8.00,16.00,,,1.00,2.00,4.00,8.00,16.00,,,,2.00,4.00,8.00,16.00,,,,,,,,,
vnclip.wx,1.00,1.00,2.00,4.00,8.00,16.00,,,1.00,2.00,4.00,8.00,16.00,,,,2.00,4.00,8.00,16.00,,,,,,,,,
vnclip.wi,1.00,1.00,2.00,4.00,8.00,16.00,,,1.00,2.00,4.00,8.00,16.00,,,,2.00,4.00,8.00,16.00,,,,,,,,,
vnmsub.vv,1.00,1.00,1.00,1.00,2.00,5.00,,,1.00,1.00,1.00,2.00,5.00,,,,1.00,1.25,2.50,5.00,,,,,,,,,
vnmsub.vx,1.00,1.00,1.00,1.00,2.00,5.00,,,1.00,1.00,1.00,2.00,5.00,,,,1.00,1.25,2.50,5.00,,,,,,,,,
vnmsac.vv,1.00,1.00,1.00,1.00,2.00,5.00,,,1.00,1.00,1.00,2.00,5.00,,,,1.00,1.25,2.50,5.00,,,,,,,,,
vnmsac.vx,1.00,1.00,1.00,1.00,2.00,5.00,,,1.00,1.00,1.00,2.00,5.00,,,,1.00,1.25,2.50,5.00,,,,,,,,,
vwaddu.vv,1.00,1.00,1.00,2.00,4.00,8.00,,,1.00,1.00,2.00,4.00,8.00,,,,1.00,2.00,4.00,8.00,,,,,,,,,
vwaddu.vx,1.00,1.00,1.00,2.00,4.00,8.00,,,1.00,1.00,2.00,4.00,8.00,,,,1.00,2.00,4.00,8.00,,,,,,,,,
vwadd.vv,1.00,1.00,1.00,2.00,4.00,8.00,,,1.00,1.00,2.00,4.00,8.00,,,,1.00,2.00,4.00,8.00,,,,,,,,,
vwadd.vx,1.00,1.00,1.00,2.00,4.00,8.00,,,1.00,1.00,2.00,4.00,8.00,,,,1.00,2.00,4.00,8.00,,,,,,,,,
vwsubu.vv,1.00,1.00,1.00,2.00,4.00,8.00,,,1.00,1.00,2.00,4.00,8.00,,,,1.00,2.00,4.00,8.00,,,,,,,,,
vwsubu.vx,1.00,1.00,1.00,2.00,4.00,8.00,,,1.00,1.00,2.00,4.00,8.00,,,,1.00,2.00,4.00,8.00,,,,,,,,,
vwsub.vv,1.00,1.00,1.00,2.00,4.00,8.00,,,1.00,1.00,2.00,4.00,8.00,,,,1.00,2.00,4.00,8.00,,,,,,,,,
vwsub.vx,1.00,1.00,1.00,2.00,4.00,8.00,,,1.00,1.00,2.00,4.00,8.00,,,,1.00,2.00,4.00,8.00,,,,,,,,,
vwaddu.wv,1.00,1.00,1.00,2.00,4.00,8.00,,,1.00,1.00,2.00,4.00,8.00,,,,1.00,2.00,4.00,8.00,,,,,,,,,
vwaddu.wx,1.00,1.00,1.00,2.00,4.00,8.00,,,1.00,1.00,2.00,4.00,8.00,,,,1.00,2.00,4.00,8.00,,,,,,,,,
vwadd.wv,1.00,1.00,1.00,2.00,4.00,8.00,,,1.00,1.00,2.00,4.00,8.00,,,,1.00,2.00,4.00,8.00,,,,,,,,,
vwadd.wx,1.00,1.00,1.00,2.00,4.00,8.00,,,1.00,1.00,2.00,4.00,8.00,,,,1.00,2.00,4.00,8.00,,,,,,,,,
vwsubu.wv,1.00,1.00,1.00,2.00,4.00,8.00,,,1.00,1.00,2.00,4.00,8.00,,,,1.00,2.00,4.00,8.00,,,,,,,,,
vwsubu.wx,1.00,1.00,1.00,2.00,4.00,8.00,,,1.00,1.00,2.00,4.00,8.00,,,,1.00,2.00,4.00,8.00,,,,,,,,,
vwsub.wv,1.00,1.00,1.00,2.00,4.00,8.00,,,1.00,1.00,2.00,4.00,8.00,,,,1.00,2.00,4.00,8.00,,,,,,,,,
vwsub.wx,1.00,1.00,1.00,2.00,4.00,8.00,,,1.00,1.00,2.00,4.00,8.00,,,,1.00,2.00,4.00,8.00,,,,,,,,,
vwmulu.vv,1.00,1.00,1.00,2.00,4.00,8.00,,,1.00,1.00,2.00,4.00,8.00,,,,1.00,2.00,4.00,8.00,,,,,,,,,
vwmulu.vx,1.00,1.00,1.00,2.00,4.00,8.00,,,1.00,1.00,2.00,4.00,8.00,,,,1.00,2.00,4.00,8.00,,,,,,,,,
vwmulsu.vv,1.00,1.00,1.00,2.00,4.00,8.00,,,1.00,1.00,2.00,4.00,8.00,,,,1.00,2.00,4.00,8.00,,,,,,,,,
vwmulsu.vx,1.00,1.00,1.00,2.00,4.00,8.00,,,1.00,1.00,2.00,4.00,8.00,,,,1.00,2.00,4.00,8.00,,,,,,,,,
vwmul.vv,1.00,1.00,1.00,2.00,4.00,8.00,,,1.00,1.00,2.00,4.00,8.00,,,,1.00,2.00,4.00,8.00,,,,,,,,,
vwmul.vx,1.00,1.00,1.00,2.00,4.00,8.00,,,1.00,1.00,2.00,4.00,8.00,,,,1.00,2.00,4.00,8.00,,,,,,,,,
vwmaccu.vv,1.00,1.00,1.00,2.00,4.00,8.00,,,1.00,1.00,2.00,4.00,8.00,,,,1.00,2.00,4.00,8.00,,,,,,,,,
vwmaccu.vx,1.00,1.00,1.00,2.00,4.00,8.00,,,1.00,1.00,2.00,4.00,8.00,,,,1.00,2.00,4.00,8.00,,,,,,,,,
vwmacc.vv,1.00,1.00,1.00,2.00,4.00,8.00,,,1.00,1.00,2.00,4.00,8.00,,,,1.00,2.00,4.00,8.00,,,,,,,,,
vwmacc.vx,1.00,1.00,1.00,2.00,4.00,8.00,,,1.00,1.00,2.00,4.00,8.00,,,,1.00,2.00,4.00,8.00,,,,,,,,,
vwmaccsu.vv,1.00,1.00,1.00,2.00,4.00,8.00,,,1.00,1.00,2.00,4.00,8.00,,,,1.00,2.00,4.00,8.00,,,,,,,,,
vwmaccsu.vx,1.00,1.00,1.00,2.00,4.00,8.00,,,1.00,1.00,2.00,4.00,8.00,,,,1.00,2.00,4.00,8.00,,,,,,,,,
vwmaccus.vx,1.00,1.00,1.00,2.00,4.00,8.00,,,1.00,1.00,2.00,4.00,8.00,,,,1.00,2.00,4.00,8.00,,,,,,,,,
vfadd.vv,,,,,,,,,,,,,,,,,1.00,1.00,2.00,4.00,8.00,,,,1.00,2.00,4.00,8.00,
vfadd.vf,,,,,,,,,,,,,,,,,1.00,1.00,2.00,4.00,8.00,,,,1.00,2.00,4.00,8.00,
vfsub.vv,,,,,,,,,,,,,,,,,1.00,1.00,2.00,4.00,8.00,,,,1.00,2.00,4.00,8.00,
vfsub.vf,,,,,,,,,,,,,,,,,1.00,1.00,2.00,4.00,8.00,,,,1.00,2.00,4.00,8.00,
vfmin.vv,,,,,,,,,,,,,,,,,1.00,1.00,2.00,4.00,8.00,,,,1.00,2.00,4.00,8.00,
vfmin.vf,,,,,,,,,,,,,,,,,1.00,1.00,2.00,4.00,8.00,,,,1.00,2.00,4.00,8.00,
vfmax.vv,,,,,,,,,,,,,,,,,1.00,1.00,2.00,4.00,8.00,,,,1.00,2.00,4.00,8.00,
vfmax.vf,,,,,,,,,,,,,,,,,1.00,1.00,2.00,4.00,8.00,,,,1.00,2.00,4.00,8.00,
vfsgnj.vv,,,,,,,,,,,,,,,,,1.00,2.00,4.00,8.00,16.00,,,,2.00,4.00,8.00,16.00,
vfsgnj.vf,,,,,,,,,,,,,,,,,1.00,2.00,4.00,8.00,16.00,,,,2.00,4.00,8.00,16.00,
vfsgnjn.vv,,,,,,,,,,,,,,,,,1.00,2.00,4.00,8.00,16.00,,,,2.00,4.00,8.00,16.00,
vfsgnjn.vf,,,,,,,,,,,,,,,,,1.00,2.00,4.00,8.00,16.00,,,,2.00,4.00,8.00,16.00,
vfsgnjx.vv,,,,,,,,,,,,,,,,,1.00,2.00,4.00,8.00,16.00,,,,2.00,4.00,8.00,16.00,
vfsgnjx.vf,,,,,,,,,,,,,,,,,1.00,2.00,4.00,8.00,16.00,,,,2.00,4.00,8.00,16.00,
vfslide1up.vf,,,,,,,,,,,,,,,,,1.00,2.00,4.00,8.00,16.00,,,,2.00,4.00,8.00,16.00,
vfslide1down.vf,,,,,,,,,,,,,,,,,1.00,3.00,5.00,9.00,17.00,,,,3.00,5.00,9.00,17.00,
vfredusum.vs,,,,,,,,,,,,,,,,,5.00,6.50,11.00,17.00,54.03,,,,5.00,8.00,14.00,51.02,
vfredosum.vs,,,,,,,,,,,,,,,,,8.00,11.00,23.00,48.01,192.23,,,,5.00,11.00,24.00,96.10,
vfredmin.vs,,,,,,,,,,,,,,,,,5.00,6.50,11.00,17.00,54.03,,,,5.00,8.00,14.00,51.01,
vfredmax.vs,,,,,,,,,,,,,,,,,5.00,6.50,11.00,17.00,54.03,,,,5.00,8.00,14.00,51.02,
vfmerge.vfm,,,,,,,,,,,,,,,,,1.00,2.00,4.00,8.00,16.00,,,,2.00,4.00,8.00,16.00,
vfmv.v.f,,,,,,,,,,,,,,,,,1.00,2.00,4.00,8.00,16.00,,,,2.00,4.00,8.00,16.00,
vmfeq.vv,,,,,,,,,,,,,,,,,1.00,2.00,4.00,8.00,18.00,,,,2.00,4.00,8.00,18.00,
vmfeq.vf,,,,,,,,,,,,,,,,,1.00,2.00,4.00,8.00,18.00,,,,2.00,4.00,8.00,18.00,
vmfle.vv,,,,,,,,,,,,,,,,,1.00,2.00,4.00,8.00,18.00,,,,2.00,4.00,8.00,18.00,
vmfle.vf,,,,,,,,,,,,,,,,,1.00,2.00,4.00,8.00,18.00,,,,2.00,4.00,8.00,18.00,
vmflt.vv,,,,,,,,,,,,,,,,,1.00,2.00,4.00,8.00,18.00,,,,2.00,4.00,8.00,18.00,
vmflt.vf,,,,,,,,,,,,,,,,,1.00,2.00,4.00,8.00,18.00,,,,2.00,4.00,8.00,18.00,
vmfne.vv,,,,,,,,,,,,,,,,,1.00,2.00,4.00,8.00,18.00,,,,2.00,4.00,8.00,18.00,
vmfne.vf,,,,,,,,,,,,,,,,,1.00,2.00,4.00,8.00,18.00,,,,2.00,4.00,8.00,18.00,
vmfgt.vv,,,,,,,,,,,,,,,,,1.00,2.00,4.00,8.00,18.00,,,,2.00,4.00,8.00,18.00,
vmfgt.vf,,,,,,,,,,,,,,,,,1.00,2.00,4.00,8.00,18.00,,,,2.00,4.00,8.00,18.00,
vmfge.vv,,,,,,,,,,,,,,,,,1.00,2.00,4.00,8.00,18.00,,,,2.00,4.00,8.00,18.00,
vmfge.vf,,,,,,,,,,,,,,,,,1.00,2.00,4.00,8.00,18.00,,,,2.00,4.00,8.00,18.00,
vfdiv.vv,,,,,,,,,,,,,,,,,19.12,38.34,76.59,153.23,308.01,,,,40.00,80.09,160.27,320.38,
vfdiv.vf,,,,,,,,,,,,,,,,,13.51,26.47,56.10,112.29,176.26,,,,12.75,24.00,48.01,96.11,
vfrdiv.vf,,,,,,,,,,,,,,,,,13.26,26.77,56.10,112.53,240.34,,,,12.75,24.00,48.04,96.10,
vfmul.vv,,,,,,,,,,,,,,,,,1.00,1.00,2.00,4.00,8.00,,,,1.30,2.74,5.56,10.79,
vfmul.vf,,,,,,,,,,,,,,,,,1.00,1.02,2.00,4.17,8.00,,,,1.00,2.00,4.00,8.00,
vfrsub.vf,,,,,,,,,,,,,,,,,1.00,1.00,2.00,4.00,8.00,,,,1.00,2.00,4.00,8.00,
vfmadd.vv,,,,,,,,,,,,,,,,,1.00,1.00,2.00,4.00,8.00,,,,1.00,2.00,4.00,8.00,
vfmadd.vf,,,,,,,,,,,,,,,,,1.00,1.00,2.00,4.00,8.00,,,,1.00,2.00,4.00,8.00,
vfmsub.vv,,,,,,,,,,,,,,,,,1.00,1.00,2.00,4.00,8.00,,,,1.00,2.00,4.00,8.00,
vfmsub.vf,,,,,,,,,,,,,,,,,1.00,1.00,2.00,4.00,8.00,,,,1.00,2.00,4.00,8.00,
vfmacc.vv,,,,,,,,,,,,,,,,,1.00,1.00,2.00,4.00,8.00,,,,1.00,2.00,4.00,8.00,
vfmacc.vf,,,,,,,,,,,,,,,,,1.00,1.00,2.00,4.00,8.00,,,,1.00,2.00,4.00,8.00,
vfmsac.vv,,,,,,,,,,,,,,,,,1.00,1.00,2.00,4.00,8.00,,,,1.00,2.00,4.00,8.00,
vfmsac.vf,,,,,,,,,,,,,,,,,1.00,1.00,2.00,4.00,8.00,,,,1.00,2.00,4.00,8.00,
vfnmsac.vv,,,,,,,,,,,,,,,,,1.00,1.25,2.50,5.00,,,,,,,,,
vfnmsac.vf,,,,,,,,,,,,,,,,,1.00,1.25,2.50,5.00,,,,,,,,,
vfnmacc.vv,,,,,,,,,,,,,,,,,1.00,1.25,2.50,5.00,,,,,,,,,
vfnmacc.vf,,,,,,,,,,,,,,,,,1.00,1.25,2.50,5.00,,,,,,,,,
vfnmsub.vv,,,,,,,,,,,,,,,,,1.00,1.25,2.50,5.00,,,,,,,,,
vfnmsub.vf,,,,,,,,,,,,,,,,,1.00,1.25,2.50,5.00,,,,,,,,,
vfnmadd.vv,,,,,,,,,,,,,,,,,1.00,1.25,2.50,5.00,,,,,,,,,
vfnmadd.vf,,,,,,,,,,,,,,,,,1.00,1.25,2.50,5.00,,,,,,,,,
vwredsumu.vs,1.00,1.00,2.00,2.00,4.00,9.50,35.01,,1.00,2.00,2.00,4.00,9.50,35.00,,,2.00,2.00,4.00,9.50,35.01,,,,,,,,
vwredsum.vs,1.00,1.00,2.00,2.00,4.00,9.50,35.00,,1.00,2.00,2.00,4.00,9.50,35.02,,,2.00,2.00,4.00,9.50,35.00,,,,,,,,
vfwadd.vv,,,,,,,,,,,,,,,,,1.03,2.00,4.00,8.00,,,,,,,,,
vfwadd.vf,,,,,,,,,,,,,,,,,1.01,2.00,4.02,8.00,,,,,,,,,
vfwsub.vv,,,,,,,,,,,,,,,,,1.00,2.02,4.00,8.00,,,,,,,,,
vfwsub.vf,,,,,,,,,,,,,,,,,1.00,2.04,4.01,8.00,,,,,,,,,
vfwadd.wv,,,,,,,,,,,,,,,,,2.00,4.00,8.00,17.00,,,,,,,,,
vfwadd.wf,,,,,,,,,,,,,,,,,2.00,4.00,8.00,17.00,,,,,,,,,
vfwsub.wv,,,,,,,,,,,,,,,,,2.00,4.00,8.00,17.00,,,,,,,,,
vfwsub.wf,,,,,,,,,,,,,,,,,2.00,4.00,8.00,17.00,,,,,,,,,
vfwmul.vv,,,,,,,,,,,,,,,,,1.06,2.16,4.21,8.37,,,,,,,,,
vfwmul.vf,,,,,,,,,,,,,,,,,1.00,2.02,4.17,8.25,,,,,,,,,
vfwmacc.vv,,,,,,,,,,,,,,,,,1.00,2.00,4.00,8.00,,,,,,,,,
vfwmacc.vf,,,,,,,,,,,,,,,,,1.00,2.00,4.00,8.00,,,,,,,,,
vfwnmacc.vv,,,,,,,,,,,,,,,,,1.00,2.00,4.00,8.00,,,,,,,,,
vfwnmacc.vf,,,,,,,,,,,,,,,,,1.00,2.00,4.00,8.00,,,,,,,,,
vfwmsac.vv,,,,,,,,,,,,,,,,,1.00,2.00,4.00,8.00,,,,,,,,,
vfwmsac.vf,,,,,,,,,,,,,,,,,1.00,2.00,4.00,8.00,,,,,,,,,
vfwnmsac.vv,,,,,,,,,,,,,,,,,1.00,2.00,4.00,8.00,,,,,,,,,
vfwnmsac.vf,,,,,,,,,,,,,,,,,1.00,2.00,4.00,8.00,,,,,,,,,
vfwredosum.vs,,,,,,,,,,,,,,,,,11.00,15.00,31.00,64.05,256.34,,,,,,,,
vfwredusum.vs,,,,,,,,,,,,,,,,,11.00,15.00,31.00,64.04,256.34,,,,,,,,
vmv.s.x,1.00,1.00,1.00,1.00,1.00,2.00,4.00,,1.00,1.00,1.00,1.00,2.00,4.00,,,1.00,1.00,1.00,2.00,4.00,,,,1.00,1.00,2.00,4.00,
vmv.x.s,2.00,2.00,2.00,2.00,2.00,3.00,6.00,,2.00,2.00,2.00,2.00,3.00,6.00,,,2.00,2.00,2.00,3.00,6.00,,,,2.00,2.00,3.00,6.00,
vcpop.m,2.00,2.00,2.00,2.00,2.00,2.00,2.00,,2.00,2.00,2.00,2.00,2.00,2.00,,,2.00,2.00,2.00,2.00,2.00,,,,2.00,2.00,2.00,2.00,
vfirst.m,2.00,2.00,2.00,2.00,2.00,2.00,2.00,,2.00,2.00,2.00,2.00,2.00,2.00,,,2.00,2.00,2.00,2.00,2.00,,,,2.00,2.00,2.00,2.00,
vzext.vf2,,,,,,,,,1.00,1.00,2.00,4.00,8.00,16.00,,,1.00,2.00,4.00,8.00,16.00,,,,2.00,4.00,8.00,16.00,
vsext.vf2,,,,,,,,,1.00,1.00,2.00,4.00,8.00,16.00,,,1.00,2.00,4.00,8.00,16.00,,,,2.00,4.00,8.00,16.00,
vzext.vf4,,,,,,,,,,,,,,,,,1.00,2.00,4.00,8.00,16.00,,,,2.00,4.00,8.00,16.00,
vsext.vf4,,,,,,,,,,,,,,,,,1.00,2.00,4.00,8.00,16.00,,,,2.00,4.00,8.00,16.00,
vzext.vf8,,,,,,,,,,,,,,,,,,,,,,,,,2.00,4.00,8.00,16.00,
vsext.vf8,,,,,,,,,,,,,,,,,,,,,,,,,2.00,4.00,8.00,16.00,
vfmv.f.s,,,,,,,,,,,,,,,,,1.00,1.00,1.00,2.00,4.00,,,,1.00,1.00,2.00,4.00,
vfmv.s.f,,,,,,,,,,,,,,,,,1.00,1.00,1.00,2.00,4.00,,,,1.00,1.00,2.00,4.00,
vfcvt.xu.f.v,,,,,,,,,,,,,,,,,1.00,2.00,4.00,8.00,16.00,,,,2.00,4.00,8.00,16.00,
vfcvt.x.f.v,,,,,,,,,,,,,,,,,1.00,2.00,4.00,8.00,16.00,,,,2.00,4.00,8.00,16.00,
vfcvt.f.xu.v,,,,,,,,,,,,,,,,,1.00,2.00,4.00,8.00,16.00,,,,2.00,4.00,8.00,16.00,
vfcvt.f.x.v,,,,,,,,,,,,,,,,,1.00,2.00,4.00,8.00,16.00,,,,2.00,4.00,8.00,16.00,
vfcvt.rtz.x.f.v,,,,,,,,,,,,,,,,,1.00,2.00,4.00,8.00,16.00,,,,2.00,4.00,8.00,16.00,
vfcvt.rtz.xu.f.v,,,,,,,,,,,,,,,,,1.00,2.00,4.00,8.00,16.00,,,,2.00,4.00,8.00,16.00,
vfwcvt.xu.f.v,,,,,,,,,,,,,,,,,2.00,4.00,8.00,16.00,,,,,,,,,
vfwcvt.x.f.v,,,,,,,,,,,,,,,,,2.00,4.00,8.00,16.00,,,,,,,,,
vfwcvt.f.xu.v,,,,,,,,,,,,,,,,,2.00,4.00,8.00,16.00,,,,,,,,,
vfwcvt.f.x.v,,,,,,,,,,,,,,,,,2.00,4.00,8.00,16.00,,,,,,,,,
vfwcvt.f.f.v,,,,,,,,,,,,,,,,,2.00,4.00,8.00,16.00,,,,,,,,,
vfwcvt.rtz.xu.f.v,,,,,,,,,,,,,,,,,2.00,4.00,8.00,16.00,,,,,,,,,
vfwcvt.rtz.x.f.v,,,,,,,,,,,,,,,,,2.00,4.00,8.00,16.00,,,,,,,,,
vfncvt.xu.f.w,,,,,,,,,,,,,,,,,2.00,4.00,8.00,16.00,,,,,,,,,
vfncvt.x.f.w,,,,,,,,,,,,,,,,,2.00,4.00,8.00,16.00,,,,,,,,,
vfncvt.f.xu.w,,,,,,,,,,,,,,,,,2.00,4.00,8.00,16.00,,,,,,,,,
vfncvt.f.x.w,,,,,,,,,,,,,,,,,2.00,4.00,8.00,16.00,,,,,,,,,
vfncvt.f.f.w,,,,,,,,,,,,,,,,,2.00,4.00,8.00,16.00,,,,,,,,,
vfncvt.rtz.x.f.w,,,,,,,,,,,,,,,,,2.00,4.00,8.00,16.00,,,,,,,,,
vfncvt.rtz.xu.f.w,,,,,,,,,,,,,,,,,2.00,4.00,8.00,16.00,,,,,,,,,
vfncvt.rod.f.f.w,,,,,,,,,,,,,,,,,2.00,4.00,8.00,16.00,,,,,,,,,
vfsqrt.v,,,,,,,,,,,,,,,,,17.37,34.47,68.25,136.43,269.83,,,,33.64,66.88,132.20,258.18,
vfrsqrt7.v,,,,,,,,,,,,,,,,,1.00,2.00,4.00,8.00,16.00,,,,2.00,4.00,8.00,16.00,
vfrec7.v,,,,,,,,,,,,,,,,,1.00,2.00,4.00,8.00,16.00,,,,2.00,4.00,8.00,16.00,
vfclass.v,,,,,,,,,,,,,,,,,1.00,2.00,4.00,8.00,16.00,,,,2.00,4.00,8.00,16.00,
vmsbf.m,1.00,1.00,1.00,1.00,1.00,2.00,4.00,,1.00,1.00,1.00,1.00,2.00,4.00,,,1.00,1.00,1.00,2.00,4.00,,,,1.00,1.00,2.00,4.00,
vmsof.m,1.00,1.00,1.00,1.00,1.00,2.00,4.00,,1.00,1.00,1.00,1.00,2.00,4.00,,,1.00,1.00,1.00,2.00,4.00,,,,1.00,1.00,2.00,4.00,
vmsif.m,1.00,1.00,1.00,1.00,1.00,2.00,4.00,,1.00,1.00,1.00,1.00,2.00,4.00,,,1.00,1.00,1.00,2.00,4.00,,,,1.00,1.00,2.00,4.00,
viota.m,1.00,1.00,1.00,2.00,4.00,8.00,16.00,,1.00,1.00,2.00,4.00,8.00,16.00,,,1.00,2.00,4.00,8.00,16.00,,,,2.00,4.00,8.00,16.00,
vid.v,1.00,1.00,1.00,2.00,4.00,8.00,16.00,,1.00,1.00,2.00,4.00,8.00,16.00,,,1.00,2.00,4.00,8.00,16.00,,,,2.00,4.00,8.00,16.00,
vle8.v,1.00,1.35,1.55,2.45,4.30,8.48,16.46,,1.00,1.35,1.45,2.56,4.45,8.60,,,1.00,1.25,1.75,2.72,4.56,,,,1.00,1.15,1.77,3.40,
vle16.v,1.00,1.50,2.30,,,,,,1.00,1.67,2.50,4.50,8.55,16.57,,,1.10,1.26,2.55,4.40,8.46,,,,1.25,1.46,2.50,4.31,
vle32.v,1.45,2.66,,,,,,,1.40,2.30,,,,,,,1.70,2.60,4.56,8.60,16.61,,,,1.45,2.45,4.60,8.51,
vle64.v,2.35,,,,,,,,2.30,,,,,,,,2.25,,,,,,,,2.06,4.45,8.37,16.26,
vse8.v,1.50,1.75,1.78,3.17,4.53,9.00,19.43,,1.59,1.78,2.01,2.97,4.60,8.97,,,1.50,1.78,1.73,2.86,4.84,,,,1.50,1.93,1.92,2.87,
vse16.v,1.74,2.28,3.07,,,,,,1.54,1.91,3.05,4.90,9.00,19.31,,,1.56,1.91,3.12,4.76,9.11,,,,1.54,2.24,3.12,4.67,
vse32.v,1.93,3.18,,,,,,,2.10,3.10,,,,,,,2.17,3.08,4.91,9.21,19.21,,,,2.00,3.12,5.01,9.13,
vse64.v,2.66,,,,,,,,2.77,,,,,,,,3.01,,,,,,,,2.96,4.23,8.51,19.29,
vle8ff.v,4.01,4.26,4.46,5.36,7.40,11.51,19.62,,4.00,4.31,4.58,5.40,7.45,11.36,,,4.00,4.16,4.51,5.61,7.80,,,,4.00,4.26,4.55,5.41,
vle16ff.v,4.06,4.50,5.60,,,,,,4.11,4.57,5.37,7.02,11.25,19.32,,,4.00,4.41,5.60,7.46,11.61,,,,4.35,4.36,5.51,7.60,
vle32ff.v,4.65,5.56,,,,,,,4.40,5.36,,,,,,,4.12,5.75,7.71,11.55,19.55,,,,4.60,5.51,7.57,11.36,
vle64ff.v,5.15,,,,,,,,5.45,,,,,,,,5.43,,,,,,,,5.31,7.26,11.22,19.14,
vlm.v,1.00,1.00,1.00,1.00,1.55,1.67,3.50,,1.05,1.00,1.00,1.00,1.60,3.31,,,1.05,1.00,1.00,1.50,3.25,,,,1.01,1.00,1.50,3.00,
vsm.v,1.50,1.50,1.50,1.50,1.81,1.78,3.18,,1.50,1.50,1.50,1.50,1.69,1.86,,,1.50,1.54,1.50,1.50,1.85,,,,1.50,1.50,1.50,1.50,
vlse8.v,4.00,8.00,16.00,32.00,64.05,128.15,256.32,,4.00,8.00,16.00,32.00,64.05,128.15,,,4.00,8.00,16.00,32.00,64.05,,,,4.00,8.00,16.00,32.00,
vlse8.v,4.00,8.00,16.00,32.00,64.04,128.16,256.29,,4.00,8.00,16.00,32.00,64.05,128.15,,,4.00,8.00,16.00,32.00,64.06,,,,4.00,8.00,16.00,32.00,
vlse8.v,4.00,8.00,16.00,32.00,64.05,128.16,256.31,,4.00,8.00,16.00,32.00,64.06,128.17,,,4.00,8.00,16.00,32.00,64.04,,,,4.00,8.00,16.00,32.00,
vlse16.v,4.00,8.00,16.00,,,,,,4.00,8.00,16.00,32.00,64.04,128.16,,,4.00,8.00,16.00,32.00,64.05,,,,4.00,8.00,16.00,32.00,
vlse16.v,4.00,8.00,16.00,,,,,,4.00,8.00,16.00,32.01,64.04,128.17,,,4.00,8.00,16.00,32.00,64.05,,,,4.00,8.00,16.00,32.01,
vlse16.v,4.00,8.00,16.00,,,,,,4.00,8.00,16.00,32.01,64.03,128.16,,,4.00,8.00,16.00,32.00,64.05,,,,4.00,8.00,16.00,32.00,
vlse32.v,4.00,8.00,,,,,,,4.00,8.00,,,,,,,4.00,8.00,16.00,32.00,64.04,,,,4.00,8.00,16.00,32.00,
vlse32.v,4.00,8.00,,,,,,,4.00,8.00,,,,,,,4.00,8.00,16.00,32.00,64.06,,,,4.00,8.00,16.00,32.00,
vlse32.v,4.00,8.00,,,,,,,4.00,8.00,,,,,,,4.00,8.00,16.00,32.00,64.04,,,,4.00,8.00,16.00,32.00,
vlse64.v,4.00,,,,,,,,4.00,,,,,,,,4.00,,,,,,,,4.00,8.00,16.00,32.01,
vlse64.v,4.00,,,,,,,,4.00,,,,,,,,4.00,,,,,,,,4.00,8.00,16.00,32.00,
vlse64.v,4.00,,,,,,,,4.00,,,,,,,,4.00,,,,,,,,4.00,8.00,16.00,32.00,
vsse8.v,4.18,8.43,16.21,33.75,66.89,133.97,268.20,,4.12,8.34,16.08,33.76,66.73,133.66,,,4.15,8.35,16.04,33.92,66.79,,,,4.13,8.38,16.17,33.65,
vsse8.v,4.00,8.00,16.00,32.00,64.05,128.18,256.30,,4.00,8.00,16.00,32.00,64.04,128.16,,,4.00,8.00,16.00,32.00,64.05,,,,4.00,8.00,16.00,32.00,
vsse8.v,4.15,8.11,16.00,32.02,64.05,128.16,256.30,,4.15,8.15,16.00,32.00,64.05,128.16,,,4.12,8.15,16.00,32.00,64.05,,,,4.16,8.12,16.00,32.07,
vsse16.v,4.40,8.45,16.00,,,,,,4.73,8.86,16.00,32.00,64.05,128.19,,,4.40,8.76,16.00,32.00,64.05,,,,4.41,8.55,16.00,32.00,
vsse16.v,4.00,8.00,16.00,,,,,,4.00,8.00,16.00,32.00,64.04,128.17,,,4.00,8.00,16.00,32.00,64.05,,,,4.00,8.00,16.00,32.00,
vsse16.v,4.21,8.17,16.00,,,,,,4.17,8.18,16.01,32.09,65.99,130.71,,,4.16,8.20,16.00,32.04,65.85,,,,4.20,8.15,16.00,32.23,
vsse32.v,4.50,8.95,,,,,,,4.50,8.77,,,,,,,4.50,9.17,16.00,32.01,64.08,,,,4.50,8.57,16.01,32.00,
vsse32.v,4.00,8.00,,,,,,,4.00,8.00,,,,,,,4.00,8.00,16.00,32.00,64.05,,,,4.00,8.00,16.00,32.00,
vsse32.v,4.25,8.11,,,,,,,4.25,8.22,,,,,,,4.25,8.02,16.00,32.04,64.05,,,,4.25,8.06,16.05,32.01,
vsse64.v,4.84,,,,,,,,4.82,,,,,,,,4.80,,,,,,,,4.80,9.10,17.75,36.04,
vsse64.v,4.00,,,,,,,,4.00,,,,,,,,4.00,,,,,,,,4.00,8.00,16.00,32.00,
vsse64.v,4.39,,,,,,,,4.36,,,,,,,,4.52,,,,,,,,4.31,8.42,16.00,32.00,
vlseg2e8.v,6.33,6.52,7.17,12.30,24.52,48.61,,,6.27,6.42,7.37,12.65,24.57,,,,6.22,6.38,6.51,12.51,,,,,6.19,5.66,6.50,,
vlseg2e16.v,6.28,7.57,12.46,,,,,,6.23,7.43,12.48,24.27,48.64,,,,6.29,7.17,12.61,24.53,,,,,6.37,6.50,12.45,,
vlseg2e32.v,7.48,12.61,,,,,,,7.22,12.29,,,,,,,7.38,12.62,24.40,48.64,,,,,7.18,12.46,24.37,,
vlseg2e64.v,12.25,,,,,,,,12.65,,,,,,,,12.23,,,,,,,,12.50,24.44,48.46,,
vsseg2e8.v,2.03,2.31,3.41,6.13,12.00,24.00,,,2.17,2.20,3.25,6.17,12.00,,,,2.05,2.20,3.30,6.15,,,,,2.22,2.15,3.24,,
vsseg2e16.v,2.30,3.27,6.11,,,,,,2.26,3.23,6.24,12.00,24.00,,,,2.17,3.30,6.15,12.00,,,,,2.17,3.28,6.12,,
vsseg2e32.v,3.11,6.21,,,,,,,3.26,6.10,,,,,,,3.24,6.12,13.68,24.00,,,,,3.26,6.12,12.00,,
vsseg2e64.v,6.04,,,,,,,,6.10,,,,,,,,6.07,,,,,,,,6.08,12.00,24.02,,
vlseg3e8.v,7.48,8.51,10.50,20.41,40.69,,,,7.36,8.46,10.51,20.47,,,,,7.56,8.71,11.05,,,,,,7.61,9.07,,,
vlseg3e16.v,8.30,10.37,20.37,,,,,,8.50,10.51,20.26,40.07,,,,,8.65,10.36,20.45,,,,,,8.06,11.01,,,
vlseg3e32.v,10.20,20.38,,,,,,,10.46,20.53,,,,,,,10.46,20.28,40.15,,,,,,10.36,20.20,,,
vlseg3e64.v,18.29,,,,,,,,18.21,,,,,,,,18.16,,,,,,,,18.12,36.47,,,
vsseg3e8.v,3.00,4.00,6.00,12.00,24.00,,,,3.00,4.00,6.00,12.00,,,,,3.00,4.00,6.00,,,,,,3.00,4.00,,,
vsseg3e16.v,4.00,6.00,12.00,,,,,,4.00,6.00,12.00,24.00,,,,,4.00,6.00,12.00,,,,,,4.00,6.00,,,
vsseg3e32.v,6.00,12.00,,,,,,,6.00,12.00,,,,,,,6.00,12.00,24.00,,,,,,6.00,12.00,,,
vsseg3e64.v,10.00,,,,,,,,10.00,,,,,,,,10.00,,,,,,,,10.00,20.00,,,
vlseg4e8.v,9.50,10.76,12.29,24.56,48.71,,,,9.41,10.61,12.51,24.57,,,,,9.22,10.32,12.44,,,,,,9.50,10.56,,,
vlseg4e16.v,10.31,12.56,24.51,,,,,,10.50,12.68,24.55,48.49,,,,,10.51,12.42,24.43,,,,,,10.46,12.47,,,
vlseg4e32.v,12.45,24.44,,,,,,,12.46,24.44,,,,,,,12.80,24.67,48.58,,,,,,12.70,24.22,,,
vlseg4e64.v,24.41,,,,,,,,24.18,,,,,,,,24.42,,,,,,,,24.48,48.19,,,
vsseg4e8.v,3.00,4.00,6.20,12.73,24.01,,,,3.00,4.00,6.13,12.74,,,,,3.00,4.00,6.12,,,,,,3.00,4.00,,,
vsseg4e16.v,4.00,6.15,12.71,,,,,,4.00,6.19,12.21,24.00,,,,,4.00,6.11,12.71,,,,,,4.00,6.18,,,
vsseg4e32.v,6.17,12.58,,,,,,,6.19,12.63,,,,,,,6.20,12.55,24.00,,,,,,6.02,12.66,,,
vsseg4e64.v,12.65,,,,,,,,12.54,,,,,,,,12.64,,,,,,,,12.60,24.00,,,
vlseg5e8.v,20.00,40.01,80.11,160.19,,,,,20.00,40.00,80.05,,,,,,20.00,40.02,,,,,,,20.00,,,,
vlseg5e16.v,20.00,40.00,80.05,,,,,,20.00,40.00,80.06,,,,,,20.00,40.02,,,,,,,20.00,,,,
vlseg5e32.v,20.00,40.00,,,,,,,20.00,40.00,,,,,,,20.00,40.00,,,,,,,20.00,,,,
vlseg5e64.v,20.00,,,,,,,,20.00,,,,,,,,20.00,,,,,,,,20.00,,,,
vsseg5e8.v,20.08,40.20,80.17,160.41,,,,,20.14,40.06,80.16,,,,,,20.20,40.14,,,,,,,20.07,,,,
vsseg5e16.v,20.04,40.53,81.49,,,,,,20.04,40.57,81.55,,,,,,20.07,40.35,,,,,,,20.03,,,,
vsseg5e32.v,20.00,40.03,,,,,,,20.00,40.03,,,,,,,20.00,40.03,,,,,,,20.00,,,,
vsseg5e64.v,20.00,,,,,,,,20.00,,,,,,,,20.00,,,,,,,,20.04,,,,
vlseg6e8.v,24.00,48.00,96.11,192.24,,,,,24.00,48.04,96.10,,,,,,24.00,48.03,,,,,,,24.00,,,,
vlseg6e16.v,24.00,48.02,96.09,,,,,,24.00,48.02,96.10,,,,,,24.00,48.00,,,,,,,24.00,,,,
vlseg6e32.v,24.00,48.01,,,,,,,24.00,48.02,,,,,,,24.00,48.01,,,,,,,24.00,,,,
vlseg6e64.v,24.00,,,,,,,,24.00,,,,,,,,24.00,,,,,,,,24.00,,,,
vsseg6e8.v,24.17,48.15,96.13,192.26,,,,,24.25,48.14,96.13,,,,,,24.20,48.04,,,,,,,24.20,,,,
vsseg6e16.v,24.33,48.98,97.56,,,,,,24.17,48.96,97.50,,,,,,24.12,48.59,,,,,,,24.05,,,,
vsseg6e32.v,24.06,48.04,,,,,,,24.02,48.04,,,,,,,24.00,48.03,,,,,,,24.04,,,,
vsseg6e64.v,24.00,,,,,,,,24.00,,,,,,,,24.00,,,,,,,,24.00,,,,
vlseg7e8.v,28.00,56.03,112.13,224.26,,,,,28.00,56.04,112.14,,,,,,28.00,56.03,,,,,,,28.00,,,,
vlseg7e16.v,28.00,56.03,112.13,,,,,,28.00,56.03,112.13,,,,,,28.00,56.05,,,,,,,28.00,,,,
vlseg7e32.v,28.00,56.03,,,,,,,28.00,56.03,,,,,,,28.00,56.02,,,,,,,28.00,,,,
vlseg7e64.v,28.00,,,,,,,,28.00,,,,,,,,28.00,,,,,,,,28.00,,,,
vsseg7e8.v,28.28,56.29,112.16,224.30,,,,,28.34,56.15,112.18,,,,,,28.25,56.20,,,,,,,28.46,,,,
vsseg7e16.v,29.00,57.04,114.12,,,,,,29.00,57.04,114.11,,,,,,28.96,57.01,,,,,,,29.00,,,,
vsseg7e32.v,28.00,56.03,,,,,,,28.00,56.04,,,,,,,28.00,56.04,,,,,,,28.00,,,,
vsseg7e64.v,28.00,,,,,,,,28.00,,,,,,,,28.00,,,,,,,,28.00,,,,
vlseg8e8.v,32.00,64.04,128.16,256.29,,,,,32.00,64.04,128.15,,,,,,32.00,64.05,,,,,,,32.00,,,,
vlseg8e16.v,32.00,64.05,128.16,,,,,,32.00,64.04,128.18,,,,,,32.00,64.05,,,,,,,32.00,,,,
vlseg8e32.v,32.00,64.05,,,,,,,32.00,64.05,,,,,,,32.00,64.05,,,,,,,32.00,,,,
vlseg8e64.v,32.00,,,,,,,,32.00,,,,,,,,32.00,,,,,,,,32.00,,,,
vsseg8e8.v,32.27,64.09,128.16,256.33,,,,,32.14,64.10,128.16,,,,,,32.15,64.10,,,,,,,32.16,,,,
vsseg8e16.v,32.05,65.35,130.17,,,,,,32.14,65.11,130.28,,,,,,32.14,65.20,,,,,,,32.10,,,,
vsseg8e32.v,32.00,64.04,,,,,,,32.02,64.04,,,,,,,32.02,64.04,,,,,,,32.00,,,,
vsseg8e64.v,32.00,,,,,,,,32.00,,,,,,,,32.00,,,,,,,,32.02,,,,
vlseg2e8ff.v,7.35,7.50,8.56,14.71,26.58,50.64,,,7.30,7.65,8.50,14.61,26.50,,,,7.11,7.91,8.41,14.31,,,,,7.16,7.36,8.50,,
vlseg2e16ff.v,7.72,8.56,14.60,,,,,,7.46,8.37,14.41,26.30,50.64,,,,7.60,8.46,14.33,26.39,,,,,7.26,8.50,14.76,,
vlseg2e32ff.v,8.51,14.46,,,,,,,8.85,14.50,,,,,,,8.60,14.35,26.52,50.42,,,,,8.66,14.43,26.32,,
vlseg2e64ff.v,14.46,,,,,,,,14.22,,,,,,,,14.43,,,,,,,,14.53,26.27,50.50,,
vlseg3e8ff.v,9.66,10.55,12.46,22.52,42.69,,,,9.66,10.91,12.31,22.86,,,,,9.55,10.52,12.86,,,,,,9.80,10.66,,,
vlseg3e16ff.v,10.06,12.40,22.39,,,,,,10.53,12.60,22.25,42.41,,,,,10.27,12.61,22.44,,,,,,10.26,12.12,,,
vlseg3e32ff.v,12.17,22.51,,,,,,,12.27,22.30,,,,,,,12.47,22.20,42.27,,,,,,12.36,22.31,,,
vlseg3e64ff.v,20.26,,,,,,,,20.27,,,,,,,,20.27,,,,,,,,20.44,38.32,,,
vlseg4e8ff.v,11.70,12.64,14.51,26.44,50.49,,,,11.37,12.32,14.56,26.58,,,,,11.60,12.55,14.60,,,,,,11.47,12.25,,,
vlseg4e16ff.v,12.37,14.51,26.49,,,,,,12.42,14.61,26.36,50.69,,,,,12.55,14.26,26.67,,,,,,12.46,14.61,,,
vlseg4e32ff.v,14.60,26.51,,,,,,,14.37,26.71,,,,,,,14.55,26.67,50.66,,,,,,14.45,26.52,,,
vlseg4e64ff.v,26.14,,,,,,,,26.23,,,,,,,,26.45,,,,,,,,26.47,50.45,,,
vlseg5e8ff.v,32.01,64.05,128.16,208.25,,,,,32.00,64.04,128.16,,,,,,32.00,64.03,,,,,,,32.00,,,,
vlseg5e16ff.v,32.00,64.06,104.17,,,,,,32.00,64.04,104.08,,,,,,32.01,64.03,,,,,,,32.00,,,,
vlseg5e32ff.v,32.00,52.04,,,,,,,32.00,52.05,,,,,,,32.00,52.05,,,,,,,32.00,,,,
vlseg5e64ff.v,26.00,,,,,,,,26.00,,,,,,,,26.00,,,,,,,,26.00,,,,
vlseg6e8ff.v,36.00,72.07,144.20,240.29,,,,,36.00,72.06,144.20,,,,,,36.01,72.06,,,,,,,36.00,,,,
vlseg6e16ff.v,36.00,72.07,120.14,,,,,,36.00,72.04,120.15,,,,,,36.00,72.06,,,,,,,36.00,,,,
vlseg6e32ff.v,36.01,60.04,,,,,,,36.00,60.04,,,,,,,36.00,60.05,,,,,,,36.00,,,,
vlseg6e64ff.v,30.00,,,,,,,,30.00,,,,,,,,30.00,,,,,,,,30.00,,,,
vlseg7e8ff.v,40.00,80.08,160.24,272.34,,,,,40.00,80.05,160.20,,,,,,40.01,80.09,,,,,,,40.01,,,,
vlseg7e16ff.v,40.01,80.06,136.19,,,,,,40.02,80.06,136.21,,,,,,40.02,80.06,,,,,,,40.02,,,,
vlseg7e32ff.v,40.00,68.06,,,,,,,40.01,68.06,,,,,,,40.02,68.05,,,,,,,40.00,,,,
vlseg7e64ff.v,34.00,,,,,,,,34.00,,,,,,,,34.01,,,,,,,,34.00,,,,
vlseg8e8ff.v,44.01,88.10,176.23,304.39,,,,,44.01,88.10,176.25,,,,,,44.01,88.10,,,,,,,44.01,,,,
vlseg8e16ff.v,44.02,88.08,152.21,,,,,,44.01,88.08,152.23,,,,,,44.01,88.08,,,,,,,44.01,,,,
vlseg8e32ff.v,44.01,76.07,,,,,,,44.01,76.07,,,,,,,44.01,76.07,,,,,,,44.01,,,,
vlseg8e64ff.v,38.00,,,,,,,,38.00,,,,,,,,38.01,,,,,,,,38.01,,,,
vlsseg2e8.v,8.92,13.72,21.87,42.02,84.08,168.25,,,8.87,13.68,21.87,42.01,84.08,,,,8.87,13.72,21.00,42.01,,,,,8.87,12.80,21.00,,
vlsseg2e8.v,8.87,12.87,20.87,40.06,80.11,160.23,,,8.87,12.87,20.87,40.01,80.12,,,,8.87,12.87,20.02,40.06,,,,,8.87,12.00,20.00,,
vlsseg2e8.v,9.43,13.29,21.87,42.01,84.08,168.22,,,9.48,13.47,21.87,42.00,84.09,,,,9.28,13.82,21.00,42.02,,,,,9.53,12.64,21.00,,
vlsseg2e16.v,9.07,13.87,26.00,,,,,,9.13,13.87,26.00,52.04,104.18,,,,8.92,13.87,26.00,52.04,,,,,9.25,13.00,26.00,,
vlsseg2e16.v,8.87,12.87,24.00,,,,,,8.87,12.87,24.00,48.05,96.13,,,,8.87,12.87,24.00,48.03,,,,,8.87,12.00,24.00,,
vlsseg2e16.v,9.43,13.87,26.00,,,,,,9.52,13.87,26.00,52.00,104.10,,,,9.63,13.87,26.00,52.05,,,,,9.42,13.00,26.00,,
vlsseg2e32.v,9.87,18.00,,,,,,,9.87,18.00,,,,,,,9.87,18.00,36.01,72.06,,,,,9.87,18.00,36.00,,
vlsseg2e32.v,8.87,16.01,,,,,,,9.10,16.00,,,,,,,8.87,16.01,34.44,64.09,,,,,8.87,16.00,32.02,,
vlsseg2e32.v,9.87,18.00,,,,,,,9.87,18.00,,,,,,,9.87,18.00,36.00,72.05,,,,,9.87,18.00,36.00,,
vlsseg2e64.v,14.00,,,,,,,,14.00,,,,,,,,14.00,,,,,,,,14.00,28.00,56.03,,
vlsseg2e64.v,13.04,,,,,,,,13.62,,,,,,,,13.42,,,,,,,,13.01,26.01,54.45,,
vlsseg2e64.v,14.00,,,,,,,,14.00,,,,,,,,14.00,,,,,,,,14.00,28.00,56.03,,
vssseg2e8.v,4.64,9.36,17.05,34.02,69.06,138.39,,,4.75,9.26,17.13,34.07,69.07,,,,4.35,9.35,17.17,34.05,,,,,4.13,9.42,17.09,,
vssseg2e8.v,4.00,8.00,16.00,32.02,64.07,128.16,,,4.00,8.00,16.00,32.02,64.07,,,,4.00,8.00,16.01,32.01,,,,,4.01,8.00,16.00,,
vssseg2e8.v,4.99,8.77,17.39,35.55,69.68,139.16,,,4.75,9.02,17.38,35.57,69.68,,,,4.57,8.77,17.37,35.64,,,,,4.93,9.20,17.36,,
vssseg2e16.v,4.45,9.00,18.00,,,,,,4.56,9.00,18.00,36.01,72.06,,,,4.72,9.00,18.00,36.00,,,,,4.40,9.00,18.00,,
vssseg2e16.v,4.00,8.00,16.00,,,,,,4.00,8.00,16.00,32.03,64.05,,,,4.00,8.00,16.00,32.00,,,,,4.00,8.00,16.02,,
vssseg2e16.v,4.75,9.50,19.00,,,,,,4.93,9.50,19.00,37.04,75.06,,,,4.86,9.50,19.00,37.00,,,,,4.99,9.50,19.00,,
vssseg2e32.v,6.00,10.03,,,,,,,6.00,10.01,,,,,,,6.00,10.02,20.00,40.01,,,,,6.00,10.00,20.00,,
vssseg2e32.v,4.00,8.00,,,,,,,4.00,8.00,,,,,,,4.00,8.00,16.00,32.02,,,,,4.00,8.00,16.00,,
vssseg2e32.v,5.37,11.48,,,,,,,5.29,11.79,,,,,,,5.43,11.80,22.37,46.86,,,,,5.41,11.73,22.33,,
vssseg2e64.v,8.00,,,,,,,,8.00,,,,,,,,8.00,,,,,,,,8.06,14.90,29.09,,
vssseg2e64.v,6.30,,,,,,,,6.70,,,,,,,,6.11,,,,,,,,6.60,13.26,27.26,,
vssseg2e64.v,7.21,,,,,,,,7.10,,,,,,,,7.28,,,,,,,,7.26,12.61,24.82,,
vlsseg3e8.v,10.01,15.16,24.00,48.03,96.10,,,,10.35,15.02,24.00,48.02,,,,,10.37,15.00,24.75,,,,,,10.25,15.75,,,
vlsseg3e8.v,10.00,14.00,22.00,44.02,88.10,,,,10.00,14.00,22.01,44.05,,,,,10.00,14.00,22.75,,,,,,10.00,14.75,,,
vlsseg3e8.v,11.60,15.53,24.00,48.03,96.09,,,,10.83,15.43,24.00,48.02,,,,,10.91,15.41,24.75,,,,,,11.61,16.26,,,
vlsseg3e16.v,11.00,16.00,32.00,,,,,,11.00,16.00,32.00,64.04,,,,,11.00,16.00,32.00,,,,,,11.00,16.75,,,
vlsseg3e16.v,10.23,14.00,28.03,,,,,,10.00,14.00,28.02,62.47,,,,,10.01,14.00,28.00,,,,,,10.00,14.76,,,
vlsseg3e16.v,11.65,16.00,32.00,,,,,,11.25,16.00,32.00,64.04,,,,,11.21,16.00,32.00,,,,,,11.10,16.75,,,
vlsseg3e32.v,12.00,24.00,,,,,,,12.00,24.00,,,,,,,12.00,24.00,48.01,,,,,,12.00,24.00,,,
vlsseg3e32.v,10.40,22.42,,,,,,,11.20,22.83,,,,,,,11.60,24.43,48.02,,,,,,10.21,22.81,,,
vlsseg3e32.v,12.00,24.00,,,,,,,12.00,24.00,,,,,,,12.00,24.00,48.02,,,,,,12.00,24.00,,,
vlsseg3e64.v,20.00,,,,,,,,20.00,,,,,,,,20.00,,,,,,,,20.00,40.02,,,
vlsseg3e64.v,20.00,,,,,,,,20.00,,,,,,,,20.00,,,,,,,,20.00,40.02,,,
vlsseg3e64.v,20.00,,,,,,,,20.00,,,,,,,,20.00,,,,,,,,20.00,40.02,,,
vssseg3e8.v,4.26,9.45,19.23,38.16,74.98,,,,4.80,9.50,19.32,37.72,,,,,4.68,9.49,19.27,,,,,,4.91,9.51,,,
vssseg3e8.v,4.00,8.00,16.00,32.00,64.08,,,,4.00,8.00,16.01,32.01,,,,,4.00,8.00,16.00,,,,,,4.00,8.00,,,
vssseg3e8.v,6.15,9.70,18.87,37.15,75.11,,,,6.10,9.31,18.68,37.06,,,,,5.61,9.30,18.66,,,,,,5.45,9.60,,,
vssseg3e16.v,5.94,10.11,20.00,,,,,,5.95,10.13,20.00,40.00,,,,,6.00,10.43,20.00,,,,,,5.95,10.07,,,
vssseg3e16.v,4.00,8.00,16.00,,,,,,4.21,8.00,16.01,32.01,,,,,4.00,8.00,16.00,,,,,,4.00,8.00,,,
vssseg3e16.v,6.31,10.10,21.14,,,,,,5.13,10.27,21.17,43.72,,,,,6.66,10.12,21.16,,,,,,5.47,10.16,,,
vssseg3e32.v,8.18,13.40,,,,,,,8.43,13.42,,,,,,,8.27,12.91,26.61,,,,,,7.51,13.72,,,
vssseg3e32.v,6.52,13.41,,,,,,,6.11,13.01,,,,,,,6.40,12.83,25.62,,,,,,6.50,13.61,,,
vssseg3e32.v,7.04,14.07,,,,,,,7.01,13.73,,,,,,,7.00,14.08,28.41,,,,,,6.94,14.20,,,
vssseg3e64.v,11.01,,,,,,,,11.21,,,,,,,,11.50,,,,,,,,11.11,22.04,,,
vssseg3e64.v,10.71,,,,,,,,10.52,,,,,,,,10.50,,,,,,,,10.23,20.61,,,
vssseg3e64.v,11.45,,,,,,,,11.87,,,,,,,,11.51,,,,,,,,11.80,22.72,,,
vlsseg4e8.v,12.57,17.22,27.00,54.03,108.12,,,,12.27,17.23,27.00,54.03,,,,,12.66,17.57,27.00,,,,,,12.31,17.56,,,
vlsseg4e8.v,12.00,16.00,24.02,48.06,96.12,,,,12.02,16.00,24.04,48.07,,,,,12.00,16.00,24.06,,,,,,12.00,16.01,,,
vlsseg4e8.v,13.96,18.25,27.00,54.03,108.13,,,,13.13,17.81,27.00,54.03,,,,,14.22,17.46,27.00,,,,,,13.96,18.36,,,
vlsseg4e16.v,13.29,19.00,38.01,,,,,,13.42,19.00,38.00,76.07,,,,,13.31,19.00,38.00,,,,,,13.56,19.00,,,
vlsseg4e16.v,12.21,17.60,36.82,,,,,,12.03,17.63,32.03,65.72,,,,,12.22,16.00,32.84,,,,,,12.63,16.82,,,
vlsseg4e16.v,14.22,19.00,38.00,,,,,,13.77,19.00,38.00,76.05,,,,,14.02,19.00,38.01,,,,,,14.16,19.00,,,
vlsseg4e32.v,15.00,30.00,,,,,,,15.00,30.00,,,,,,,15.00,30.00,60.03,,,,,,15.00,30.00,,,
vlsseg4e32.v,14.60,28.81,,,,,,,13.01,28.83,,,,,,,14.22,26.82,57.64,,,,,,13.22,30.40,,,
vlsseg4e32.v,15.00,30.00,,,,,,,15.00,30.00,,,,,,,15.00,30.00,60.04,,,,,,15.00,30.00,,,
vlsseg4e64.v,26.00,,,,,,,,26.00,,,,,,,,26.00,,,,,,,,26.00,52.00,,,
vlsseg4e64.v,25.43,,,,,,,,25.03,,,,,,,,24.02,,,,,,,,26.02,50.86,,,
vlsseg4e64.v,26.00,,,,,,,,26.00,,,,,,,,26.00,,,,,,,,26.00,52.05,,,
vssseg4e8.v,4.67,9.74,19.01,39.90,80.08,,,,5.14,9.67,19.01,40.06,,,,,4.63,9.77,19.00,,,,,,5.23,9.81,,,
vssseg4e8.v,4.00,8.00,16.02,32.00,64.05,,,,4.00,8.02,16.00,32.02,,,,,4.01,8.00,16.00,,,,,,4.21,8.00,,,
vssseg4e8.v,5.71,10.78,20.00,40.79,81.94,,,,6.14,10.75,19.95,40.92,,,,,5.91,10.88,19.80,,,,,,6.71,10.95,,,
vssseg4e16.v,6.00,11.88,22.00,,,,,,6.15,12.00,22.02,44.03,,,,,6.00,12.00,22.02,,,,,,6.00,11.93,,,
vssseg4e16.v,5.00,9.01,19.45,,,,,,5.76,9.38,18.00,38.83,,,,,5.00,10.05,22.93,,,,,,5.61,9.01,,,
vssseg4e16.v,6.78,13.59,25.18,,,,,,6.82,13.25,25.41,50.73,,,,,6.75,13.40,25.70,,,,,,6.85,12.85,,,
vssseg4e32.v,8.00,16.00,,,,,,,8.00,16.00,,,,,,,8.02,16.00,32.02,,,,,,8.00,16.04,,,
vssseg4e32.v,8.03,17.88,,,,,,,7.50,16.47,,,,,,,7.00,14.74,32.96,,,,,,7.66,15.36,,,
vssseg4e32.v,8.31,16.33,,,,,,,8.35,16.29,,,,,,,8.53,16.32,32.85,,,,,,8.34,16.42,,,
vssseg4e64.v,12.04,,,,,,,,12.87,,,,,,,,12.62,,,,,,,,12.93,25.21,,,
vssseg4e64.v,13.09,,,,,,,,12.80,,,,,,,,13.02,,,,,,,,12.80,25.62,,,
vssseg4e64.v,13.49,,,,,,,,13.13,,,,,,,,12.33,,,,,,,,13.18,24.06,,,
vlsseg5e8.v,20.00,40.00,80.06,160.20,,,,,20.00,40.00,80.11,,,,,,20.00,40.00,,,,,,,20.00,,,,
vlsseg5e8.v,20.00,40.02,80.07,160.20,,,,,20.00,40.02,80.06,,,,,,20.00,40.00,,,,,,,20.00,,,,
vlsseg5e8.v,20.00,40.00,80.10,160.24,,,,,20.00,40.00,80.07,,,,,,20.00,40.02,,,,,,,20.00,,,,
vlsseg5e16.v,20.00,40.00,80.06,,,,,,20.00,40.00,80.05,,,,,,20.00,40.02,,,,,,,20.00,,,,
vlsseg5e16.v,20.00,40.00,80.06,,,,,,20.00,40.00,80.06,,,,,,20.00,40.01,,,,,,,20.00,,,,
vlsseg5e16.v,20.00,40.00,80.07,,,,,,20.00,40.01,80.05,,,,,,20.00,40.01,,,,,,,20.00,,,,
vlsseg5e32.v,20.00,40.00,,,,,,,20.00,40.00,,,,,,,20.00,40.00,,,,,,,20.00,,,,
vlsseg5e32.v,20.00,40.02,,,,,,,20.00,40.02,,,,,,,20.00,40.02,,,,,,,20.00,,,,
vlsseg5e32.v,20.00,40.01,,,,,,,20.00,40.00,,,,,,,20.00,40.00,,,,,,,20.00,,,,
vlsseg5e64.v,20.00,,,,,,,,20.00,,,,,,,,20.00,,,,,,,,20.00,,,,
vlsseg5e64.v,20.00,,,,,,,,20.00,,,,,,,,20.00,,,,,,,,20.00,,,,
vlsseg5e64.v,20.00,,,,,,,,20.00,,,,,,,,20.00,,,,,,,,20.00,,,,
vssseg5e8.v,20.07,40.93,81.08,161.70,,,,,20.07,40.97,81.07,,,,,,20.06,40.84,,,,,,,20.07,,,,
vssseg5e8.v,20.01,40.03,80.09,160.26,,,,,20.01,40.00,80.16,,,,,,20.01,40.03,,,,,,,20.00,,,,
vssseg5e8.v,21.38,40.91,82.66,165.11,,,,,21.79,41.38,82.87,,,,,,21.72,41.37,,,,,,,21.10,,,,
vssseg5e16.v,20.22,40.90,81.85,,,,,,20.35,41.00,81.94,,,,,,20.25,41.02,,,,,,,20.39,,,,
vssseg5e16.v,21.33,41.75,86.22,,,,,,20.77,42.24,80.50,,,,,,20.86,43.49,,,,,,,21.06,,,,
vssseg5e16.v,21.46,43.01,86.18,,,,,,21.57,42.78,86.45,,,,,,21.72,42.82,,,,,,,21.99,,,,
vssseg5e32.v,20.70,40.99,,,,,,,20.60,40.51,,,,,,,20.50,40.82,,,,,,,20.58,,,,
vssseg5e32.v,24.00,48.02,,,,,,,24.00,48.02,,,,,,,24.00,48.02,,,,,,,24.00,,,,
vssseg5e32.v,22.66,43.96,,,,,,,23.06,44.63,,,,,,,22.37,44.47,,,,,,,22.87,,,,
vssseg5e64.v,20.00,,,,,,,,20.00,,,,,,,,20.00,,,,,,,,20.00,,,,
vssseg5e64.v,24.00,,,,,,,,24.00,,,,,,,,24.00,,,,,,,,24.00,,,,
vssseg5e64.v,22.28,,,,,,,,22.32,,,,,,,,22.52,,,,,,,,22.48,,,,
vlsseg6e8.v,24.00,48.01,96.11,192.24,,,,,24.00,48.03,96.09,,,,,,24.00,48.03,,,,,,,24.00,,,,
vlsseg6e8.v,24.00,48.00,96.09,192.24,,,,,24.00,48.02,96.11,,,,,,24.00,48.02,,,,,,,24.00,,,,
vlsseg6e8.v,24.00,48.03,96.10,192.24,,,,,24.00,48.00,96.11,,,,,,24.00,48.01,,,,,,,24.00,,,,
vlsseg6e16.v,24.00,48.02,96.10,,,,,,24.00,48.03,96.09,,,,,,24.00,48.03,,,,,,,24.00,,,,
vlsseg6e16.v,24.00,48.02,96.10,,,,,,24.00,48.02,96.11,,,,,,24.00,48.02,,,,,,,24.00,,,,
vlsseg6e16.v,24.00,48.02,96.10,,,,,,24.00,48.02,96.11,,,,,,24.00,48.02,,,,,,,24.00,,,,
vlsseg6e32.v,24.00,48.02,,,,,,,24.00,48.03,,,,,,,24.00,48.01,,,,,,,24.00,,,,
vlsseg6e32.v,24.00,48.02,,,,,,,24.00,48.02,,,,,,,24.00,48.01,,,,,,,24.00,,,,
vlsseg6e32.v,24.00,48.03,,,,,,,24.00,48.02,,,,,,,24.00,48.01,,,,,,,24.00,,,,
vlsseg6e64.v,24.00,,,,,,,,24.00,,,,,,,,24.00,,,,,,,,24.00,,,,
vlsseg6e64.v,24.00,,,,,,,,24.00,,,,,,,,24.00,,,,,,,,24.00,,,,
vlsseg6e64.v,24.00,,,,,,,,24.00,,,,,,,,24.00,,,,,,,,24.00,,,,
vssseg6e8.v,24.32,48.52,96.88,194.20,,,,,24.16,48.51,96.96,,,,,,24.38,48.64,,,,,,,24.32,,,,
vssseg6e8.v,24.00,48.04,96.11,192.24,,,,,24.00,48.07,96.15,,,,,,24.00,48.05,,,,,,,24.00,,,,
vssseg6e8.v,25.98,52.31,100.10,198.53,,,,,25.37,50.28,99.35,,,,,,25.91,51.37,,,,,,,25.15,,,,
vssseg6e16.v,24.64,48.98,99.06,,,,,,24.53,48.78,98.97,,,,,,24.48,48.81,,,,,,,24.71,,,,
vssseg6e16.v,24.03,48.03,96.12,,,,,,24.02,48.07,96.12,,,,,,24.00,48.04,,,,,,,24.01,,,,
vssseg6e16.v,25.81,51.81,102.15,,,,,,26.41,52.64,101.66,,,,,,26.20,51.67,,,,,,,26.51,,,,
vssseg6e32.v,25.00,50.63,,,,,,,25.00,50.51,,,,,,,25.00,50.53,,,,,,,25.00,,,,
vssseg6e32.v,24.64,49.27,,,,,,,24.01,49.28,,,,,,,24.45,48.45,,,,,,,24.00,,,,
vssseg6e32.v,25.60,48.84,,,,,,,25.53,48.93,,,,,,,25.49,48.99,,,,,,,25.61,,,,
vssseg6e64.v,25.17,,,,,,,,25.08,,,,,,,,25.35,,,,,,,,25.11,,,,
vssseg6e64.v,35.20,,,,,,,,35.80,,,,,,,,31.88,,,,,,,,33.03,,,,
vssseg6e64.v,26.00,,,,,,,,26.00,,,,,,,,26.00,,,,,,,,26.00,,,,
vlsseg7e8.v,28.00,56.02,112.14,224.27,,,,,28.00,56.03,112.14,,,,,,28.00,56.03,,,,,,,28.00,,,,
vlsseg7e8.v,28.00,56.03,112.14,224.26,,,,,28.00,56.04,112.14,,,,,,28.00,56.04,,,,,,,28.00,,,,
vlsseg7e8.v,28.00,56.03,112.15,224.25,,,,,28.00,56.03,112.13,,,,,,28.00,56.03,,,,,,,28.00,,,,
vlsseg7e16.v,28.00,56.03,112.15,,,,,,28.00,56.02,112.14,,,,,,28.00,56.02,,,,,,,28.00,,,,
vlsseg7e16.v,28.00,56.03,112.14,,,,,,28.00,56.03,112.13,,,,,,28.00,56.03,,,,,,,28.00,,,,
vlsseg7e16.v,28.00,56.03,112.13,,,,,,28.00,56.05,112.13,,,,,,28.00,56.03,,,,,,,28.00,,,,
vlsseg7e32.v,28.00,56.03,,,,,,,28.00,56.03,,,,,,,28.00,56.02,,,,,,,28.00,,,,
vlsseg7e32.v,28.00,56.03,,,,,,,28.00,56.03,,,,,,,28.00,56.03,,,,,,,28.00,,,,
vlsseg7e32.v,28.00,56.03,,,,,,,28.00,56.03,,,,,,,28.00,56.03,,,,,,,28.00,,,,
vlsseg7e64.v,28.00,,,,,,,,28.00,,,,,,,,28.00,,,,,,,,28.00,,,,
vlsseg7e64.v,28.00,,,,,,,,28.00,,,,,,,,28.00,,,,,,,,28.00,,,,
vlsseg7e64.v,28.00,,,,,,,,28.00,,,,,,,,28.00,,,,,,,,28.00,,,,
vssseg7e8.v,28.07,56.97,113.96,226.51,,,,,28.11,57.02,113.86,,,,,,28.03,57.11,,,,,,,28.09,,,,
vssseg7e8.v,28.01,56.12,112.18,224.30,,,,,28.00,56.04,112.14,,,,,,28.00,56.04,,,,,,,28.00,,,,
vssseg7e8.v,28.00,56.95,112.31,226.44,,,,,28.00,57.64,112.53,,,,,,28.00,57.15,,,,,,,28.00,,,,
vssseg7e16.v,28.79,57.45,114.03,,,,,,28.69,57.53,114.05,,,,,,28.63,57.40,,,,,,,28.63,,,,
vssseg7e16.v,28.01,56.08,112.16,,,,,,28.05,56.05,112.16,,,,,,28.00,56.04,,,,,,,28.01,,,,
vssseg7e16.v,28.12,57.74,114.64,,,,,,28.00,57.87,114.78,,,,,,28.01,57.65,,,,,,,28.01,,,,
vssseg7e32.v,29.96,58.90,,,,,,,29.78,58.86,,,,,,,29.73,58.76,,,,,,,29.82,,,,
vssseg7e32.v,28.63,56.87,,,,,,,28.26,56.49,,,,,,,28.02,59.68,,,,,,,28.64,,,,
vssseg7e32.v,28.99,56.22,,,,,,,29.06,56.11,,,,,,,29.04,56.23,,,,,,,29.05,,,,
vssseg7e64.v,29.22,,,,,,,,28.88,,,,,,,,29.40,,,,,,,,28.69,,,,
vssseg7e64.v,32.00,,,,,,,,32.00,,,,,,,,32.00,,,,,,,,32.00,,,,
vssseg7e64.v,31.51,,,,,,,,31.46,,,,,,,,31.80,,,,,,,,31.57,,,,
vlsseg8e8.v,32.00,64.03,128.20,256.29,,,,,32.00,64.03,128.18,,,,,,32.00,64.05,,,,,,,32.00,,,,
vlsseg8e8.v,32.00,64.05,128.17,256.29,,,,,32.00,64.04,128.16,,,,,,32.00,64.03,,,,,,,32.00,,,,
vlsseg8e8.v,32.00,64.05,128.16,256.31,,,,,32.00,64.05,128.16,,,,,,32.00,64.04,,,,,,,32.00,,,,
vlsseg8e16.v,32.00,64.03,128.18,,,,,,32.00,64.05,128.18,,,,,,32.00,64.05,,,,,,,32.00,,,,
vlsseg8e16.v,32.00,64.04,128.17,,,,,,32.00,64.05,128.16,,,,,,32.00,64.05,,,,,,,32.00,,,,
vlsseg8e16.v,32.00,64.04,128.16,,,,,,32.00,64.05,128.17,,,,,,32.00,64.05,,,,,,,32.00,,,,
vlsseg8e32.v,32.01,64.03,,,,,,,32.00,64.03,,,,,,,32.01,64.04,,,,,,,32.00,,,,
vlsseg8e32.v,32.00,64.04,,,,,,,32.00,64.04,,,,,,,32.00,64.04,,,,,,,32.00,,,,
vlsseg8e32.v,32.00,64.06,,,,,,,32.00,64.05,,,,,,,32.00,64.05,,,,,,,32.00,,,,
vlsseg8e64.v,32.00,,,,,,,,32.00,,,,,,,,32.00,,,,,,,,32.00,,,,
vlsseg8e64.v,32.00,,,,,,,,32.00,,,,,,,,32.00,,,,,,,,32.00,,,,
vlsseg8e64.v,32.00,,,,,,,,32.00,,,,,,,,32.00,,,,,,,,32.00,,,,
vssseg8e8.v,32.38,65.55,130.01,259.39,,,,,32.29,65.56,130.09,,,,,,32.22,65.45,,,,,,,32.26,,,,
vssseg8e8.v,32.19,64.11,128.25,257.22,,,,,32.03,64.16,128.38,,,,,,32.17,64.25,,,,,,,32.53,,,,
vssseg8e8.v,32.78,64.13,128.22,257.70,,,,,32.34,64.29,128.42,,,,,,32.46,64.15,,,,,,,32.54,,,,
vssseg8e16.v,32.97,66.04,131.12,,,,,,32.79,66.00,131.10,,,,,,32.92,65.97,,,,,,,33.00,,,,
vssseg8e16.v,32.36,64.67,129.38,,,,,,32.27,64.84,128.73,,,,,,32.19,64.60,,,,,,,32.20,,,,
vssseg8e16.v,32.95,64.72,131.21,,,,,,32.85,64.46,131.11,,,,,,32.73,64.52,,,,,,,32.75,,,,
vssseg8e32.v,33.09,67.85,,,,,,,32.53,67.92,,,,,,,32.52,67.20,,,,,,,32.56,,,,
vssseg8e32.v,33.83,65.68,,,,,,,33.66,66.45,,,,,,,33.43,66.62,,,,,,,33.26,,,,
vssseg8e32.v,33.67,64.93,,,,,,,33.41,64.93,,,,,,,33.32,64.83,,,,,,,33.24,,,,
vssseg8e64.v,34.22,,,,,,,,34.93,,,,,,,,34.61,,,,,,,,34.54,,,,
vssseg8e64.v,43.10,,,,,,,,44.92,,,,,,,,44.44,,,,,,,,45.73,,,,
vssseg8e64.v,35.57,,,,,,,,36.32,,,,,,,,35.90,,,,,,,,36.04,,,,
vl1re8.v,2.50,2.40,2.40,2.51,2.30,2.60,3.21,2.45,2.45,2.50,2.45,2.46,2.45,3.45,2.40,2.40,2.40,2.70,2.50,2.50,3.45,2.40,2.40,2.40,2.40,2.61,2.20,3.51,
vl1re16.v,2.55,2.45,2.60,2.60,2.60,2.60,2.60,2.60,2.40,2.55,2.21,2.65,2.35,3.65,2.45,2.45,2.45,2.71,2.45,2.30,3.55,2.70,2.70,2.70,2.70,2.45,2.56,3.51,
vl1re32.v,2.65,2.50,2.50,2.50,2.50,2.50,2.50,2.50,2.60,2.46,2.46,2.46,2.46,2.46,2.46,2.46,2.35,2.40,2.60,2.71,3.45,2.35,2.35,2.35,2.35,2.30,2.40,3.61,
vl1re64.v,2.20,2.20,2.20,2.20,2.20,2.20,2.20,2.20,2.46,2.46,2.46,2.46,2.46,2.46,2.46,2.46,2.45,2.46,2.46,2.46,2.46,2.46,2.46,2.46,2.20,2.40,2.15,3.35,
vl2re8.v,4.66,4.66,4.66,4.66,4.66,4.40,4.35,4.35,4.35,4.35,4.35,4.35,4.36,4.55,4.25,4.25,4.25,4.25,4.25,4.31,4.50,4.45,4.45,4.45,4.45,4.45,4.55,4.66,
vl2re16.v,4.35,4.35,4.35,4.35,4.35,4.35,4.35,4.35,4.35,4.35,4.35,4.35,4.55,4.50,4.50,4.50,4.50,4.50,4.55,4.31,4.40,4.50,4.50,4.50,4.50,4.55,4.30,4.45,
vl2re32.v,4.51,4.51,4.51,4.51,4.51,4.51,4.51,4.51,4.51,4.51,4.51,4.51,4.51,4.51,4.51,4.51,4.51,4.51,4.51,4.25,4.76,4.40,4.40,4.40,4.40,4.40,4.41,4.75,
vl2re64.v,4.25,4.25,4.25,4.25,4.25,4.25,4.25,4.25,4.25,4.25,4.25,4.25,4.25,4.25,4.25,4.25,4.25,4.25,4.25,4.25,4.25,4.25,4.25,4.25,4.25,4.25,4.46,4.26,
vl4re8.v,8.46,8.46,8.46,8.46,8.46,8.46,8.40,8.40,8.40,8.40,8.40,8.40,8.48,8.45,8.45,8.45,8.45,8.45,8.45,8.36,8.57,8.40,8.40,8.40,8.40,8.40,8.40,8.50,
vl4re16.v,8.80,8.80,8.80,8.80,8.80,8.80,8.80,8.80,8.80,8.80,8.80,8.80,8.80,8.27,8.27,8.27,8.27,8.27,8.27,8.41,8.56,8.27,8.27,8.27,8.27,8.27,8.55,8.52,
vl4re32.v,8.65,8.65,8.65,8.65,8.65,8.65,8.65,8.65,8.65,8.65,8.65,8.65,8.65,8.65,8.65,8.65,8.65,8.65,8.65,8.65,8.71,8.40,8.40,8.40,8.40,8.40,8.40,8.86,
vl4re64.v,8.36,8.36,8.36,8.36,8.36,8.36,8.36,8.36,8.36,8.36,8.36,8.36,8.36,8.36,8.36,8.36,8.36,8.36,8.36,8.36,8.36,8.36,8.36,8.36,8.36,8.36,8.36,8.42,
vl8re8.v,16.46,16.46,16.46,16.46,16.46,16.46,16.46,16.46,16.46,16.46,16.46,16.46,16.46,16.41,16.41,16.41,16.41,16.41,16.41,16.41,16.54,16.54,16.54,16.54,16.54,16.54,16.54,16.56,
vl8re16.v,16.32,16.32,16.32,16.32,16.32,16.32,16.32,16.32,16.32,16.32,16.32,16.32,16.32,16.32,16.32,16.32,16.32,16.32,16.32,16.32,16.46,16.46,16.46,16.46,16.46,16.46,16.46,16.41,
vl8re32.v,16.41,16.41,16.41,16.41,16.41,16.41,16.41,16.41,16.41,16.41,16.41,16.41,16.41,16.41,16.41,16.41,16.41,16.41,16.41,16.41,16.41,16.41,16.41,16.41,16.41,16.41,16.41,16.73,
vl8re64.v,16.25,16.25,16.25,16.25,16.25,16.25,16.25,16.25,16.25,16.25,16.25,16.25,16.25,16.25,16.25,16.25,16.25,16.25,16.25,16.25,16.25,16.25,16.25,16.25,16.25,16.25,16.25,16.25,
vl1r.v,2.45,2.60,2.50,2.35,2.40,2.50,3.25,2.45,2.45,2.46,2.40,2.37,2.50,3.50,2.45,2.45,2.31,2.35,2.35,2.65,3.40,2.25,2.25,2.25,2.25,2.60,2.25,3.55,
vl2r.v,4.66,4.66,4.66,4.66,4.66,4.30,4.40,4.40,4.40,4.40,4.40,4.47,4.65,4.56,4.56,4.56,4.56,4.56,4.75,4.55,4.40,4.56,4.56,4.56,4.56,4.40,4.40,4.66,
vl2r.v,4.66,4.66,4.66,4.66,4.66,4.30,4.40,4.40,4.40,4.40,4.40,4.47,4.65,4.56,4.56,4.56,4.56,4.56,4.75,4.55,4.40,4.40,4.40,4.40,4.40,4.40,4.40,4.66,
vl4r.v,8.61,8.61,8.61,8.61,8.61,8.61,8.56,8.56,8.56,8.56,8.56,8.56,8.51,8.16,8.16,8.16,8.16,8.16,8.16,8.41,8.50,8.50,8.50,8.50,8.50,8.50,8.65,8.33,
vl8r.v,16.48,16.48,16.48,16.48,16.48,16.48,16.48,16.48,16.48,16.48,16.48,16.48,16.48,16.73,16.48,16.48,16.48,16.48,16.48,16.48,16.36,16.48,16.48,16.48,16.48,16.48,16.48,16.36,
vs1r.v,3.06,2.98,3.00,2.93,3.23,3.13,2.95,2.96,3.27,3.13,3.05,3.17,3.46,3.11,2.96,2.96,2.96,3.06,2.91,2.92,2.97,2.96,2.96,2.96,2.98,3.34,3.22,3.26,
vs2r.v,4.97,4.97,4.97,4.97,4.97,4.76,4.90,4.97,4.97,4.97,4.97,5.02,4.87,5.12,4.82,4.82,4.82,4.82,4.82,4.46,4.76,4.76,4.76,4.76,4.76,4.90,4.97,4.75,
vs4r.v,8.81,8.81,8.81,8.81,8.81,8.81,9.00,9.00,9.00,9.00,9.00,9.00,9.02,9.20,9.20,9.20,9.20,9.20,9.20,9.53,9.36,9.36,9.36,9.36,9.36,9.36,9.32,9.30,
vs8r.v,21.50,21.50,21.50,21.50,21.50,21.50,21.50,21.50,21.50,21.50,21.50,21.50,21.50,19.33,19.33,19.33,19.33,19.33,19.33,19.33,19.54,19.33,19.33,19.33,19.33,19.33,19.33,20.29,